seconds,id,sex,condition,trial,object,position_object,startingframe,endingframe,distanceMoved,LEFTCLOSE,LEFT,CENTER,RIGHT,RIGHTCLOSE,frontalleft,blindleft,lateralLeftleft,lateralRightleft,LeftALLleft,RightALLleft,frontalright,blindright,lateralLeftright,lateralRightright,LeftALLright,RightALLright,index_nan_no_stim,nan,nan_nostim
1.0,2.0,male,example,,target,left,0.0,10789.0,96.962,0.0,1.0,0.0,0.0,0.0,0.0,0.0,0.0,1.0,0.0,1.0,0.0,0.207,0.793,0.0,0.793,0.0,464.0,0.0,0.0
2.0,2.0,male,example,,target,left,0.0,10789.0,42.218,0.0,1.0,0.0,0.0,0.0,0.0,0.0,0.0,0.586,0.0,0.586,0.0,0.586,0.0,0.0,0.0,0.0,1305.0,0.41379310344827586,0.0
3.0,2.0,male,example,,target,left,0.0,10789.0,25.667,0.0,1.0,0.0,0.0,0.0,0.0,0.0,0.0,0.276,0.0,0.276,0.0,0.0,0.276,0.0,0.276,0.0,2146.0,0.7241379310344828,0.0
4.0,2.0,male,example,,target,left,0.0,10789.0,26.98,0.0,1.0,0.0,0.0,0.0,0.0,0.0,0.0,1.0,0.0,1.0,0.0,0.276,0.724,0.0,0.724,0.0,2987.0,0.0,0.0
5.0,2.0,male,example,,target,left,0.0,10789.0,87.632,0.0,1.0,0.0,0.0,0.0,0.034,0.0,0.759,0.207,0.793,0.207,0.0,1.0,0.0,0.0,0.0,0.0,3828.0,0.0,0.0
6.0,2.0,male,example,,target,left,0.0,10789.0,27.783,0.0,1.0,0.0,0.0,0.0,0.0,0.0,1.0,0.0,1.0,0.0,0.0,0.966,0.0,0.034,0.0,0.034,4669.0,0.0,0.0
7.0,2.0,male,example,,target,left,0.0,10789.0,79.371,0.0,1.0,0.0,0.0,0.0,0.0,0.0,1.0,0.0,1.0,0.0,0.0,0.172,0.0,0.828,0.0,0.828,5510.0,0.0,0.0
8.0,2.0,male,example,,target,left,0.0,10789.0,102.14,0.0,1.0,0.0,0.0,0.0,0.0,0.0,1.0,0.0,1.0,0.0,0.0,0.0,0.0,1.0,0.0,1.0,6351.0,0.0,0.0
9.0,2.0,male,example,,target,left,0.0,10789.0,180.745,0.0,1.0,0.0,0.0,0.0,0.0,0.0,0.828,0.0,0.828,0.0,0.0,0.0,0.0,0.828,0.0,0.828,7192.0,0.1724137931034483,0.0
10.0,2.0,male,example,,target,left,0.0,10789.0,97.854,0.0,1.0,0.0,0.0,0.0,0.0,0.0,0.0,0.0,0.0,0.0,0.0,0.0,0.0,0.0,0.0,0.0,8033.0,1.0,0.0
11.0,2.0,male,example,,target,left,0.0,10789.0,216.75,0.517,0.483,0.0,0.0,0.0,0.31,0.0,0.552,0.103,0.724,0.241,0.0,0.966,0.0,0.0,0.0,0.0,8874.0,0.034482758620689655,0.0
12.0,2.0,male,example,,target,left,0.0,10789.0,82.844,1.0,0.0,0.0,0.0,0.0,0.0,0.0,1.0,0.0,1.0,0.0,0.0,1.0,0.0,0.0,0.0,0.0,9715.0,0.0,0.0
13.0,2.0,male,example,,target,left,0.0,10789.0,84.839,1.0,0.0,0.0,0.0,0.0,0.034,0.0,0.034,0.931,0.034,0.966,0.0,0.069,0.931,0.0,0.931,0.0,10556.0,0.0,0.0
14.0,2.0,male,example,,target,left,0.0,10789.0,160.196,1.0,0.0,0.0,0.0,0.0,0.552,0.0,0.414,0.034,0.828,0.172,0.0,0.931,0.069,0.0,0.069,0.0,11397.0,0.0,0.0
15.0,2.0,male,example,,target,left,0.0,10789.0,39.439,1.0,0.0,0.0,0.0,0.0,0.172,0.0,0.828,0.0,1.0,0.0,0.0,1.0,0.0,0.0,0.0,0.0,12238.0,0.0,0.0
16.0,2.0,male,example,,target,left,0.0,10789.0,56.272,1.0,0.0,0.0,0.0,0.0,0.724,0.0,0.0,0.276,0.0,1.0,0.0,0.828,0.172,0.0,0.172,0.0,13079.0,0.0,0.0
17.0,2.0,male,example,,target,left,0.0,10789.0,54.449,1.0,0.0,0.0,0.0,0.0,0.0,0.0,0.0,0.103,0.0,0.103,0.0,0.069,0.034,0.0,0.034,0.0,13920.0,0.896551724137931,0.0
18.0,2.0,male,example,,target,left,0.0,10789.0,51.299,1.0,0.0,0.0,0.0,0.0,0.69,0.0,0.034,0.0,0.724,0.0,0.0,0.724,0.0,0.0,0.0,0.0,14761.0,0.27586206896551724,0.0
19.0,2.0,male,example,,target,left,0.0,10789.0,51.252,1.0,0.0,0.0,0.0,0.0,0.138,0.0,0.862,0.0,1.0,0.0,0.0,1.0,0.0,0.0,0.0,0.0,15602.0,0.0,0.0
20.0,2.0,male,example,,target,left,0.0,10789.0,76.523,1.0,0.0,0.0,0.0,0.0,0.483,0.0,0.034,0.483,0.034,0.966,0.0,0.345,0.655,0.0,0.655,0.0,16443.0,0.0,0.0
21.0,2.0,male,example,,target,left,0.0,10789.0,211.321,1.0,0.0,0.0,0.0,0.0,0.31,0.0,0.552,0.138,0.586,0.414,0.0,0.69,0.276,0.034,0.276,0.034,17284.0,0.0,0.0
22.0,2.0,male,example,,target,left,0.0,10789.0,133.012,1.0,0.0,0.0,0.0,0.0,0.931,0.0,0.069,0.0,0.897,0.103,0.0,0.897,0.103,0.0,0.103,0.0,18125.0,0.0,0.0
23.0,2.0,male,example,,target,left,0.0,10789.0,111.522,1.0,0.0,0.0,0.0,0.0,1.0,0.0,0.0,0.0,0.621,0.379,0.0,0.862,0.138,0.0,0.138,0.0,18966.0,0.0,0.0
24.0,2.0,male,example,,target,left,0.0,10789.0,174.199,1.0,0.0,0.0,0.0,0.0,0.31,0.0,0.0,0.034,0.138,0.207,0.0,0.31,0.034,0.0,0.034,0.0,19807.0,0.6551724137931034,0.0
25.0,2.0,male,example,,target,left,0.0,10789.0,321.872,0.828,0.0,0.0,0.0,0.0,0.0,0.138,0.138,0.0,0.138,0.0,0.0,0.103,0.0,0.172,0.0,0.172,17085.0,0.7241379310344828,0.1724137931034483
26.0,2.0,male,example,,target,left,0.0,10789.0,118.978,0.655,0.0,0.0,0.0,0.0,0.0,0.0,0.448,0.0,0.448,0.0,0.0,0.345,0.0,0.103,0.0,0.103,14132.0,0.5517241379310345,0.3448275862068966
27.0,2.0,male,example,,target,left,0.0,10789.0,70.867,1.0,0.0,0.0,0.0,0.0,0.0,0.0,1.0,0.0,1.0,0.0,0.0,1.0,0.0,0.0,0.0,0.0,22330.0,0.0,0.0
28.0,2.0,male,example,,target,left,0.0,10789.0,94.79,1.0,0.0,0.0,0.0,0.0,0.0,0.0,1.0,0.0,1.0,0.0,0.0,0.414,0.0,0.586,0.0,0.586,23171.0,0.0,0.0
29.0,2.0,male,example,,target,left,0.0,10789.0,153.286,0.655,0.0,0.0,0.0,0.0,0.0,0.0,0.172,0.276,0.172,0.276,0.0,0.276,0.0,0.172,0.0,0.172,15731.0,0.5517241379310345,0.3448275862068966
30.0,2.0,male,example,,target,left,0.0,10789.0,120.031,0.966,0.0,0.0,0.0,0.0,0.0,0.0,0.0,0.966,0.0,0.966,0.0,0.966,0.0,0.0,0.0,0.0,24010.0,0.034482758620689655,0.034482758620689655
31.0,2.0,male,example,,target,left,0.0,10789.0,100.788,0.966,0.0,0.0,0.0,0.0,0.0,0.0,0.0,0.621,0.0,0.621,0.0,0.621,0.0,0.0,0.0,0.0,24800.0,0.3793103448275862,0.034482758620689655
32.0,2.0,male,example,,target,left,0.0,10789.0,103.615,1.0,0.0,0.0,0.0,0.0,0.0,0.207,0.0,0.0,0.0,0.0,0.0,0.0,0.207,0.0,0.207,0.0,26535.0,0.7931034482758621,0.0
33.0,2.0,male,example,,target,left,0.0,10789.0,78.688,1.0,0.0,0.0,0.0,0.0,0.0,1.0,0.0,0.0,0.0,0.0,0.0,0.0,1.0,0.0,1.0,0.0,27376.0,0.0,0.0
34.0,2.0,male,example,,target,left,0.0,10789.0,57.305,1.0,0.0,0.0,0.0,0.0,0.0,1.0,0.0,0.0,0.0,0.0,0.0,0.0,1.0,0.0,1.0,0.0,28217.0,0.0,0.0
35.0,2.0,male,example,,target,left,0.0,10789.0,38.176,1.0,0.0,0.0,0.0,0.0,0.0,1.0,0.0,0.0,0.0,0.0,0.0,0.0,1.0,0.0,1.0,0.0,29058.0,0.0,0.0
36.0,2.0,male,example,,target,left,0.0,10789.0,85.255,1.0,0.0,0.0,0.0,0.0,0.0,0.379,0.0,0.621,0.0,0.621,0.0,0.0,1.0,0.0,1.0,0.0,29899.0,0.0,0.0
37.0,2.0,male,example,,target,left,0.0,10789.0,40.721,1.0,0.0,0.0,0.0,0.0,0.0,0.0,0.0,1.0,0.0,1.0,0.0,0.0,1.0,0.0,1.0,0.0,30740.0,0.0,0.0
38.0,2.0,male,example,,target,left,0.0,10789.0,109.089,1.0,0.0,0.0,0.0,0.0,0.138,0.0,0.517,0.207,0.655,0.207,0.0,0.655,0.207,0.0,0.207,0.0,31581.0,0.13793103448275862,0.0
39.0,2.0,male,example,,target,left,0.0,10789.0,52.831,0.862,0.0,0.0,0.0,0.0,0.0,0.0,0.0,0.0,0.0,0.0,0.0,0.0,0.0,0.0,0.0,0.0,27900.0,1.0,0.13793103448275862
40.0,2.0,male,example,,target,left,0.0,10789.0,6.024,0.069,0.0,0.0,0.0,0.0,0.034,0.0,0.0,0.0,0.0,0.034,0.0,0.034,0.0,0.0,0.0,0.0,2313.0,0.9655172413793104,0.9310344827586207
41.0,2.0,male,example,,target,left,0.0,10789.0,129.465,0.897,0.0,0.0,0.0,0.0,0.276,0.0,0.621,0.0,0.759,0.138,0.0,0.517,0.0,0.379,0.0,0.379,30615.0,0.10344827586206896,0.10344827586206896
42.0,2.0,male,example,,target,left,0.0,10789.0,69.194,1.0,0.0,0.0,0.0,0.0,0.552,0.0,0.034,0.414,0.241,0.759,0.0,1.0,0.0,0.0,0.0,0.0,34945.0,0.0,0.0
43.0,2.0,male,example,,target,left,0.0,10789.0,98.154,1.0,0.0,0.0,0.0,0.0,0.207,0.0,0.793,0.0,0.862,0.138,0.0,0.207,0.0,0.793,0.0,0.793,35786.0,0.0,0.0
44.0,2.0,male,example,,target,left,0.0,10789.0,180.622,1.0,0.0,0.0,0.0,0.0,0.034,0.0,0.759,0.207,0.793,0.207,0.0,0.034,0.172,0.793,0.172,0.793,36627.0,0.0,0.0
45.0,2.0,male,example,,target,left,0.0,10789.0,131.573,1.0,0.0,0.0,0.0,0.0,0.0,0.862,0.0,0.138,0.0,0.138,0.0,0.0,1.0,0.0,1.0,0.0,37468.0,0.0,0.0
46.0,2.0,male,example,,target,left,0.0,10789.0,130.803,1.0,0.0,0.0,0.0,0.0,0.0,0.034,0.0,0.103,0.0,0.103,0.0,0.0,0.138,0.0,0.138,0.0,38309.0,0.8620689655172413,0.0
47.0,2.0,male,example,,target,left,0.0,10789.0,83.24,1.0,0.0,0.0,0.0,0.0,0.0,0.724,0.0,0.0,0.0,0.0,0.414,0.0,0.31,0.0,0.724,0.0,39150.0,0.27586206896551724,0.0
48.0,2.0,male,example,,target,left,0.0,10789.0,71.798,0.862,0.0,0.0,0.0,0.0,0.0,0.759,0.0,0.0,0.0,0.0,0.621,0.0,0.138,0.0,0.759,0.0,34429.0,0.2413793103448276,0.13793103448275862
49.0,2.0,male,example,,target,left,0.0,10789.0,120.559,1.0,0.0,0.0,0.0,0.0,0.0,0.966,0.0,0.034,0.0,0.034,0.345,0.0,0.655,0.0,1.0,0.0,40832.0,0.0,0.0
50.0,2.0,male,example,,target,left,0.0,10789.0,64.293,1.0,0.0,0.0,0.0,0.0,0.0,0.345,0.0,0.655,0.0,0.655,0.0,0.0,1.0,0.0,1.0,0.0,41673.0,0.0,0.0
51.0,2.0,male,example,,target,left,0.0,10789.0,88.874,1.0,0.0,0.0,0.0,0.0,0.0,0.552,0.0,0.448,0.0,0.448,0.138,0.0,0.862,0.0,1.0,0.0,42514.0,0.0,0.0
52.0,2.0,male,example,,target,left,0.0,10789.0,86.848,0.966,0.0,0.0,0.0,0.0,0.0,0.931,0.0,0.0,0.0,0.0,0.138,0.0,0.793,0.0,0.931,0.0,41853.0,0.06896551724137931,0.034482758620689655
53.0,2.0,male,example,,target,left,0.0,10789.0,106.822,1.0,0.0,0.0,0.0,0.0,0.0,0.276,0.0,0.103,0.0,0.103,0.0,0.0,0.379,0.0,0.379,0.0,44196.0,0.6206896551724138,0.0
54.0,2.0,male,example,,target,left,0.0,10789.0,38.909,1.0,0.0,0.0,0.0,0.0,0.0,0.0,0.0,0.483,0.0,0.483,0.0,0.0,0.483,0.0,0.483,0.0,45037.0,0.5172413793103449,0.0
55.0,2.0,male,example,,target,left,0.0,10789.0,50.496,1.0,0.0,0.0,0.0,0.0,0.0,0.0,0.0,1.0,0.0,1.0,0.0,0.0,1.0,0.0,1.0,0.0,45878.0,0.0,0.0
56.0,2.0,male,example,,target,left,0.0,10789.0,87.027,1.0,0.0,0.0,0.0,0.0,0.241,0.0,0.0,0.759,0.0,1.0,0.0,0.931,0.069,0.0,0.069,0.0,46719.0,0.0,0.0
57.0,2.0,male,example,,target,left,0.0,10789.0,167.484,1.0,0.0,0.0,0.0,0.0,0.034,0.0,0.862,0.103,0.897,0.103,0.0,0.138,0.0,0.862,0.0,0.862,47560.0,0.0,0.0
58.0,2.0,male,example,,target,left,0.0,10789.0,133.56,1.0,0.0,0.0,0.0,0.0,0.0,0.0,1.0,0.0,1.0,0.0,0.0,0.0,0.0,1.0,0.0,1.0,48401.0,0.0,0.0
59.0,2.0,male,example,,target,left,0.0,10789.0,112.468,1.0,0.0,0.0,0.0,0.0,0.0,0.0,1.0,0.0,1.0,0.0,0.0,0.0,0.0,1.0,0.0,1.0,49242.0,0.0,0.0
60.0,2.0,male,example,,target,left,0.0,10789.0,55.974,1.0,0.0,0.0,0.0,0.0,0.0,0.0,0.621,0.0,0.621,0.0,0.0,0.0,0.0,0.621,0.0,0.621,50083.0,0.3793103448275862,0.0
61.0,2.0,male,example,,target,left,0.0,10789.0,98.549,0.793,0.0,0.0,0.0,0.0,0.0,0.0,0.172,0.0,0.172,0.0,0.0,0.0,0.0,0.172,0.0,0.172,40406.0,0.8275862068965517,0.20689655172413793
62.0,2.0,male,example,,target,left,0.0,10789.0,28.529,0.483,0.0,0.0,0.0,0.0,0.0,0.0,0.276,0.0,0.276,0.0,0.0,0.0,0.0,0.276,0.0,0.276,24984.0,0.7241379310344828,0.5172413793103449
63.0,2.0,male,example,,target,left,0.0,10789.0,117.066,1.0,0.0,0.0,0.0,0.0,0.31,0.0,0.655,0.034,0.724,0.276,0.0,0.345,0.0,0.655,0.0,0.655,52606.0,0.0,0.0
64.0,2.0,male,example,,target,left,0.0,10789.0,95.845,1.0,0.0,0.0,0.0,0.0,0.621,0.0,0.379,0.0,0.724,0.276,0.0,1.0,0.0,0.0,0.0,0.0,53447.0,0.0,0.0
65.0,2.0,male,example,,target,left,0.0,10789.0,77.083,1.0,0.0,0.0,0.0,0.0,0.0,0.0,1.0,0.0,1.0,0.0,0.0,1.0,0.0,0.0,0.0,0.0,54288.0,0.0,0.0
66.0,2.0,male,example,,target,left,0.0,10789.0,98.759,1.0,0.0,0.0,0.0,0.0,0.0,0.0,1.0,0.0,1.0,0.0,0.0,0.31,0.0,0.69,0.0,0.69,55129.0,0.0,0.0
67.0,2.0,male,example,,target,left,0.0,10789.0,60.228,1.0,0.0,0.0,0.0,0.0,0.0,0.0,0.862,0.0,0.862,0.0,0.0,0.862,0.0,0.0,0.0,0.0,55970.0,0.13793103448275862,0.0
68.0,2.0,male,example,,target,left,0.0,10789.0,106.068,1.0,0.0,0.0,0.0,0.0,0.0,0.0,0.0,0.0,0.0,0.0,0.0,0.0,0.0,0.0,0.0,0.0,56811.0,1.0,0.0
69.0,2.0,male,example,,target,left,0.0,10789.0,55.303,1.0,0.0,0.0,0.0,0.0,0.0,0.103,0.862,0.0,0.862,0.0,0.0,0.069,0.0,0.897,0.0,0.897,57652.0,0.034482758620689655,0.0
70.0,2.0,male,example,,target,left,0.0,10789.0,59.648,1.0,0.0,0.0,0.0,0.0,0.0,1.0,0.0,0.0,0.0,0.0,0.0,0.0,0.0,1.0,0.0,1.0,58493.0,0.0,0.0
71.0,2.0,male,example,,target,left,0.0,10789.0,35.134,1.0,0.0,0.0,0.0,0.0,0.0,1.0,0.0,0.0,0.0,0.0,0.0,0.0,0.0,1.0,0.0,1.0,59334.0,0.0,0.0
72.0,2.0,male,example,,target,left,0.0,10789.0,62.236,1.0,0.0,0.0,0.0,0.0,0.0,0.138,0.862,0.0,0.862,0.0,0.0,0.0,0.0,1.0,0.0,1.0,60175.0,0.0,0.0
73.0,2.0,male,example,,target,left,0.0,10789.0,80.283,1.0,0.0,0.0,0.0,0.0,0.0,0.0,1.0,0.0,1.0,0.0,0.207,0.0,0.0,0.793,0.0,1.0,61016.0,0.0,0.0
74.0,2.0,male,example,,target,left,0.0,10789.0,115.535,1.0,0.0,0.0,0.0,0.0,0.0,0.621,0.379,0.0,0.379,0.0,0.586,0.0,0.241,0.172,0.586,0.414,61857.0,0.0,0.0
75.0,2.0,male,example,,target,left,0.0,10789.0,330.123,0.828,0.0,0.0,0.0,0.0,0.0,0.138,0.0,0.0,0.0,0.0,0.0,0.0,0.138,0.0,0.138,0.0,51890.0,0.8620689655172413,0.1724137931034483
76.0,2.0,male,example,,target,left,0.0,10789.0,107.306,0.897,0.0,0.0,0.0,0.0,0.0,0.586,0.0,0.0,0.0,0.0,0.0,0.0,0.586,0.0,0.586,0.0,56975.0,0.41379310344827586,0.10344827586206896
77.0,2.0,male,example,,target,left,0.0,10789.0,147.416,1.0,0.0,0.0,0.0,0.0,0.0,0.517,0.483,0.0,0.483,0.0,0.103,0.0,0.448,0.448,0.483,0.517,64380.0,0.0,0.0
78.0,2.0,male,example,,target,left,0.0,10789.0,63.346,1.0,0.0,0.0,0.0,0.0,0.0,0.0,1.0,0.0,1.0,0.0,0.0,0.0,0.0,1.0,0.0,1.0,65221.0,0.0,0.0
79.0,2.0,male,example,,target,left,0.0,10789.0,72.942,1.0,0.0,0.0,0.0,0.0,0.0,0.69,0.31,0.0,0.31,0.0,0.0,0.0,0.0,1.0,0.0,1.0,66062.0,0.0,0.0
80.0,2.0,male,example,,target,left,0.0,10789.0,59.163,1.0,0.0,0.0,0.0,0.0,0.0,1.0,0.0,0.0,0.0,0.0,0.0,0.0,0.0,1.0,0.0,1.0,66903.0,0.0,0.0
81.0,2.0,male,example,,target,left,0.0,10789.0,63.171,1.0,0.0,0.0,0.0,0.0,0.0,0.69,0.31,0.0,0.31,0.0,0.0,0.172,0.0,0.828,0.0,0.828,67744.0,0.0,0.0
82.0,2.0,male,example,,target,left,0.0,10789.0,94.405,0.966,0.0,0.0,0.0,0.0,0.0,0.0,0.379,0.0,0.379,0.0,0.0,0.379,0.0,0.0,0.0,0.0,66214.0,0.6206896551724138,0.034482758620689655
83.0,2.0,male,example,,target,left,0.0,10789.0,159.146,0.931,0.0,0.0,0.0,0.0,0.034,0.0,0.31,0.0,0.345,0.0,0.0,0.276,0.069,0.0,0.069,0.0,64618.0,0.6551724137931034,0.06896551724137931
84.0,2.0,male,example,,target,left,0.0,10789.0,161.724,0.828,0.0,0.0,0.0,0.0,0.345,0.0,0.345,0.0,0.586,0.103,0.0,0.345,0.345,0.0,0.345,0.0,58119.0,0.3103448275862069,0.1724137931034483
85.0,2.0,male,example,,target,left,0.0,10789.0,152.2,0.931,0.0,0.0,0.0,0.0,0.0,0.0,0.897,0.0,0.897,0.0,0.0,0.897,0.0,0.0,0.0,0.0,66207.0,0.10344827586206896,0.06896551724137931
86.0,2.0,male,example,,target,left,0.0,10789.0,129.091,1.0,0.0,0.0,0.0,0.0,0.103,0.0,0.897,0.0,1.0,0.0,0.0,1.0,0.0,0.0,0.0,0.0,71949.0,0.0,0.0
87.0,2.0,male,example,,target,left,0.0,10789.0,66.371,1.0,0.0,0.0,0.0,0.0,0.724,0.0,0.0,0.276,0.31,0.69,0.0,1.0,0.0,0.0,0.0,0.0,72790.0,0.0,0.0
88.0,2.0,male,example,,target,left,0.0,10789.0,115.309,1.0,0.0,0.0,0.0,0.0,0.0,0.0,0.0,1.0,0.0,1.0,0.0,1.0,0.0,0.0,0.0,0.0,73631.0,0.0,0.0
89.0,2.0,male,example,,target,left,0.0,10789.0,101.512,1.0,0.0,0.0,0.0,0.0,0.0,0.0,0.0,0.621,0.0,0.621,0.0,0.586,0.034,0.0,0.034,0.0,74472.0,0.3793103448275862,0.0
90.0,2.0,male,example,,target,left,0.0,10789.0,86.033,0.138,0.0,0.0,0.0,0.0,0.0,0.0,0.0,0.207,0.0,0.207,0.0,0.207,0.0,0.0,0.0,0.0,75313.0,0.7931034482758621,0.0
91.0,2.0,male,example,,target,left,0.0,10789.0,37.96,0.0,0.0,0.0,0.0,0.0,0.0,0.0,0.0,1.0,0.0,1.0,0.0,1.0,0.0,0.0,0.0,0.0,76154.0,0.0,0.0
92.0,2.0,male,example,,target,left,0.0,10789.0,56.646,0.0,0.0,0.0,0.0,0.0,0.0,0.0,0.0,1.0,0.0,1.0,0.0,1.0,0.0,0.0,0.0,0.0,76995.0,0.0,0.0
93.0,2.0,male,example,,target,left,0.0,10789.0,100.745,0.0,0.0,0.0,0.0,0.0,0.0,0.483,0.0,0.345,0.0,0.345,0.0,0.345,0.0,0.483,0.0,0.483,77836.0,0.1724137931034483,0.0
94.0,2.0,male,example,,target,left,0.0,10789.0,69.537,1.0,0.0,0.0,0.0,0.0,0.0,1.0,0.0,0.0,0.0,0.0,0.0,0.0,0.0,1.0,0.0,1.0,78677.0,0.0,0.0
95.0,2.0,male,example,,target,left,0.0,10789.0,48.628,1.0,0.0,0.0,0.0,0.0,0.0,1.0,0.0,0.0,0.0,0.0,0.0,0.0,0.0,1.0,0.0,1.0,79518.0,0.0,0.0
96.0,2.0,male,example,,target,left,0.0,10789.0,46.915,1.0,0.0,0.0,0.0,0.0,0.0,0.483,0.0,0.414,0.0,0.414,0.0,0.0,0.0,0.897,0.0,0.897,80359.0,0.10344827586206896,0.0
97.0,2.0,male,example,,target,left,0.0,10789.0,27.998,1.0,0.0,0.0,0.0,0.0,0.0,0.0,0.0,0.0,0.0,0.0,0.0,0.0,0.0,0.0,0.0,0.0,81200.0,1.0,0.0
98.0,2.0,male,example,,target,left,0.0,10789.0,69.505,1.0,0.0,0.0,0.0,0.0,0.0,0.862,0.0,0.103,0.0,0.103,0.0,0.0,0.0,0.966,0.0,0.966,82041.0,0.034482758620689655,0.0
99.0,2.0,male,example,,target,left,0.0,10789.0,132.586,1.0,0.0,0.0,0.0,0.0,0.0,1.0,0.0,0.0,0.0,0.0,0.0,0.0,0.0,1.0,0.0,1.0,82882.0,0.0,0.0
100.0,2.0,male,example,,target,left,0.0,10789.0,155.755,1.0,0.0,0.0,0.0,0.0,0.0,0.655,0.0,0.345,0.0,0.345,0.345,0.0,0.0,0.655,0.069,0.931,83723.0,0.0,0.0
101.0,2.0,male,example,,target,left,0.0,10789.0,73.422,1.0,0.0,0.0,0.0,0.0,0.0,0.69,0.0,0.31,0.0,0.31,0.586,0.0,0.414,0.0,0.621,0.379,84564.0,0.0,0.0
102.0,2.0,male,example,,target,left,0.0,10789.0,81.438,1.0,0.0,0.0,0.0,0.0,0.0,1.0,0.0,0.0,0.0,0.0,0.759,0.0,0.241,0.0,0.448,0.552,85405.0,0.0,0.0
103.0,2.0,male,example,,target,left,0.0,10789.0,129.214,1.0,0.0,0.0,0.0,0.0,0.0,1.0,0.0,0.0,0.0,0.0,1.0,0.0,0.0,0.0,0.828,0.172,86246.0,0.0,0.0
104.0,2.0,male,example,,target,left,0.0,10789.0,72.533,1.0,0.0,0.0,0.0,0.0,0.0,0.138,0.0,0.0,0.0,0.0,0.138,0.0,0.0,0.0,0.0,0.138,87087.0,0.8620689655172413,0.0
105.0,2.0,male,example,,target,left,0.0,10789.0,115.191,0.931,0.069,0.0,0.0,0.0,0.0,0.69,0.0,0.0,0.0,0.0,0.276,0.0,0.0,0.414,0.0,0.69,87928.0,0.3103448275862069,0.0
106.0,2.0,male,example,,target,left,0.0,10789.0,117.132,0.0,1.0,0.0,0.0,0.0,0.0,1.0,0.0,0.0,0.0,0.0,0.0,0.0,0.0,1.0,0.0,1.0,88769.0,0.0,0.0
107.0,2.0,male,example,,target,left,0.0,10789.0,108.629,0.0,1.0,0.0,0.0,0.0,0.0,1.0,0.0,0.0,0.0,0.0,0.828,0.0,0.0,0.172,0.0,1.0,89610.0,0.0,0.0
108.0,2.0,male,example,,target,left,0.0,10789.0,78.904,0.0,1.0,0.0,0.0,0.0,0.0,0.31,0.0,0.69,0.0,0.69,0.379,0.0,0.517,0.103,0.724,0.276,90451.0,0.0,0.0
109.0,2.0,male,example,,target,left,0.0,10789.0,107.397,0.0,1.0,0.0,0.0,0.0,0.034,0.0,0.0,0.966,0.0,1.0,0.0,0.0,1.0,0.0,1.0,0.0,91292.0,0.0,0.0
110.0,2.0,male,example,,target,left,0.0,10789.0,178.982,0.0,0.966,0.0,0.0,0.0,0.069,0.0,0.448,0.414,0.448,0.483,0.0,0.517,0.414,0.0,0.414,0.0,88951.0,0.06896551724137931,0.034482758620689655
111.0,2.0,male,example,,target,left,0.0,10789.0,82.574,0.0,1.0,0.0,0.0,0.0,0.0,0.0,0.069,0.31,0.069,0.31,0.0,0.069,0.31,0.0,0.31,0.0,92974.0,0.6206896551724138,0.0
112.0,2.0,male,example,,target,left,0.0,10789.0,8.139,0.0,0.31,0.0,0.0,0.0,0.0,0.0,0.0,0.0,0.0,0.0,0.0,0.0,0.0,0.0,0.0,0.0,29049.0,1.0,0.6896551724137931
113.0,2.0,male,example,,target,left,0.0,10789.0,145.011,0.0,0.966,0.0,0.0,0.0,0.069,0.0,0.172,0.69,0.207,0.724,0.0,0.241,0.69,0.0,0.69,0.0,91388.0,0.06896551724137931,0.034482758620689655
114.0,2.0,male,example,,target,left,0.0,10789.0,89.26,0.0,1.0,0.0,0.0,0.0,0.0,0.0,0.138,0.862,0.138,0.862,0.0,0.138,0.862,0.0,0.862,0.0,95497.0,0.0,0.0
115.0,2.0,male,example,,target,left,0.0,10789.0,109.875,0.0,1.0,0.0,0.0,0.0,0.034,0.0,0.069,0.897,0.103,0.897,0.0,0.103,0.897,0.0,0.897,0.0,96338.0,0.0,0.0
116.0,2.0,male,example,,target,left,0.0,10789.0,83.563,0.0,1.0,0.0,0.0,0.0,0.0,0.0,0.0,1.0,0.0,1.0,0.0,0.0,1.0,0.0,1.0,0.0,97179.0,0.0,0.0
117.0,2.0,male,example,,target,left,0.0,10789.0,72.723,0.0,1.0,0.0,0.0,0.0,0.0,0.0,0.0,1.0,0.0,1.0,0.0,0.0,1.0,0.0,1.0,0.0,98020.0,0.0,0.0
118.0,2.0,male,example,,target,left,0.0,10789.0,97.285,0.0,1.0,0.0,0.0,0.0,0.31,0.0,0.0,0.31,0.0,0.621,0.0,0.414,0.207,0.0,0.207,0.0,98861.0,0.3793103448275862,0.0
119.0,2.0,male,example,,target,left,0.0,10789.0,134.888,0.448,0.552,0.0,0.0,0.0,0.0,0.0,0.172,0.0,0.172,0.0,0.0,0.172,0.0,0.0,0.0,0.0,99702.0,0.8275862068965517,0.0
120.0,2.0,male,example,,target,left,0.0,10789.0,67.58,0.655,0.138,0.0,0.0,0.0,0.0,0.0,0.724,0.0,0.724,0.0,0.0,0.724,0.0,0.0,0.0,0.0,79706.0,0.27586206896551724,0.20689655172413793
121.0,2.0,male,example,,target,left,0.0,10789.0,232.336,0.379,0.621,0.0,0.0,0.0,0.276,0.034,0.069,0.621,0.31,0.655,0.0,0.345,0.655,0.0,0.655,0.0,101384.0,0.0,0.0
122.0,2.0,male,example,,target,left,0.0,10789.0,92.392,0.0,0.379,0.621,0.0,0.0,0.0,0.655,0.0,0.345,0.0,0.345,0.655,0.0,0.345,0.0,0.414,0.586,102225.0,0.0,0.0
123.0,2.0,male,example,,target,left,0.0,10789.0,87.77,0.0,0.0,1.0,0.0,0.0,0.0,0.517,0.0,0.483,0.0,0.483,1.0,0.0,0.0,0.0,0.517,0.483,103066.0,0.0,0.0
124.0,2.0,male,example,,target,left,0.0,10789.0,77.003,0.0,0.0,1.0,0.0,0.0,0.0,0.828,0.0,0.172,0.0,0.172,0.276,0.0,0.0,0.724,0.172,0.828,103907.0,0.0,0.0
125.0,2.0,male,example,,target,left,0.0,10789.0,37.46,0.0,0.0,0.966,0.0,0.0,0.0,0.655,0.0,0.138,0.0,0.138,0.621,0.0,0.138,0.034,0.138,0.655,101130.0,0.20689655172413793,0.034482758620689655
126.0,2.0,male,example,,target,left,0.0,10789.0,72.584,0.0,0.345,0.655,0.0,0.0,0.0,0.0,0.0,0.0,0.0,0.0,0.0,0.0,0.0,0.0,0.0,0.0,105589.0,1.0,0.0
127.0,2.0,male,example,,target,left,0.0,10789.0,23.383,0.0,1.0,0.0,0.0,0.0,0.0,0.0,0.0,0.966,0.0,0.966,0.0,0.0,0.966,0.0,0.966,0.0,106430.0,0.034482758620689655,0.0
128.0,2.0,male,example,,target,left,0.0,10789.0,42.104,0.0,1.0,0.0,0.0,0.0,0.0,0.0,0.0,1.0,0.0,1.0,0.0,0.0,1.0,0.0,1.0,0.0,107271.0,0.0,0.0
129.0,2.0,male,example,,target,left,0.0,10789.0,68.1,0.0,1.0,0.0,0.0,0.0,0.0,0.0,0.0,1.0,0.0,1.0,0.0,0.0,1.0,0.0,1.0,0.0,108112.0,0.0,0.0
130.0,2.0,male,example,,target,left,0.0,10789.0,152.185,0.0,0.034,0.966,0.0,0.0,0.0,0.552,0.0,0.448,0.0,0.448,0.517,0.0,0.448,0.034,0.483,0.517,108953.0,0.0,0.0
131.0,2.0,male,example,,target,left,0.0,10789.0,109.428,0.0,0.0,1.0,0.0,0.0,0.0,1.0,0.0,0.0,0.0,0.0,0.414,0.0,0.0,0.586,0.207,0.793,109794.0,0.0,0.0
132.0,2.0,male,example,,target,left,0.0,10789.0,81.375,0.0,0.0,1.0,0.0,0.0,0.0,0.379,0.0,0.621,0.0,0.621,0.379,0.0,0.621,0.0,1.0,0.0,110635.0,0.0,0.0
133.0,2.0,male,example,,target,left,0.0,10789.0,58.222,0.0,0.0,1.0,0.0,0.0,0.0,0.0,0.0,0.138,0.0,0.138,0.0,0.0,0.138,0.0,0.138,0.0,111476.0,0.8620689655172413,0.0
134.0,2.0,male,example,,target,left,0.0,10789.0,70.782,0.0,0.0,1.0,0.0,0.0,0.0,0.0,0.0,0.69,0.0,0.69,0.0,0.0,0.69,0.0,0.69,0.0,112317.0,0.3103448275862069,0.0
135.0,2.0,male,example,,target,left,0.0,10789.0,61.032,0.0,0.138,0.862,0.0,0.0,0.0,0.0,0.0,1.0,0.0,1.0,0.0,0.0,1.0,0.0,1.0,0.0,113158.0,0.0,0.0
136.0,2.0,male,example,,target,left,0.0,10789.0,91.434,0.0,1.0,0.0,0.0,0.0,0.793,0.0,0.069,0.138,0.828,0.172,0.0,0.862,0.138,0.0,0.138,0.0,113999.0,0.0,0.0
137.0,2.0,male,example,,target,left,0.0,10789.0,136.474,0.0,0.31,0.69,0.0,0.0,0.0,0.0,1.0,0.0,1.0,0.0,0.0,1.0,0.0,0.0,0.0,0.0,114840.0,0.0,0.0
138.0,2.0,male,example,,target,left,0.0,10789.0,108.836,0.0,0.0,0.897,0.0,0.0,0.0,0.0,0.034,0.828,0.034,0.828,0.0,0.034,0.828,0.0,0.828,0.0,103747.0,0.13793103448275862,0.10344827586206896
139.0,2.0,male,example,,target,left,0.0,10789.0,76.312,0.0,0.0,1.0,0.0,0.0,0.0,0.69,0.0,0.31,0.0,0.31,0.69,0.0,0.31,0.0,0.69,0.31,116522.0,0.0,0.0
140.0,2.0,male,example,,target,left,0.0,10789.0,42.882,0.0,0.0,0.655,0.345,0.0,0.0,0.379,0.0,0.0,0.0,0.0,0.379,0.0,0.0,0.0,0.0,0.379,117363.0,0.6206896551724138,0.0
141.0,2.0,male,example,,target,left,0.0,10789.0,104.843,0.0,0.0,0.793,0.207,0.0,0.0,0.0,0.0,0.448,0.0,0.448,0.0,0.0,0.448,0.0,0.448,0.0,118204.0,0.5517241379310345,0.0
142.0,2.0,male,example,,target,left,0.0,10789.0,129.458,0.0,0.0,1.0,0.0,0.0,0.0,0.0,0.0,1.0,0.0,1.0,0.0,0.0,1.0,0.0,1.0,0.0,119045.0,0.0,0.0
143.0,2.0,male,example,,target,left,0.0,10789.0,180.019,0.0,0.379,0.621,0.0,0.0,0.517,0.0,0.0,0.483,0.069,0.931,0.0,0.828,0.172,0.0,0.172,0.0,119886.0,0.0,0.0
144.0,2.0,male,example,,target,left,0.0,10789.0,171.034,0.0,1.0,0.0,0.0,0.0,0.655,0.0,0.069,0.276,0.31,0.69,0.0,1.0,0.0,0.0,0.0,0.0,120727.0,0.0,0.0
145.0,2.0,male,example,,target,left,0.0,10789.0,57.772,0.793,0.207,0.0,0.0,0.0,0.552,0.0,0.448,0.0,1.0,0.0,0.0,1.0,0.0,0.0,0.0,0.0,121568.0,0.0,0.0
146.0,2.0,male,example,,target,left,0.0,10789.0,96.577,0.483,0.517,0.0,0.0,0.0,0.0,0.0,1.0,0.0,1.0,0.0,0.0,0.483,0.0,0.517,0.0,0.517,122409.0,0.0,0.0
147.0,2.0,male,example,,target,left,0.0,10789.0,112.912,0.897,0.103,0.0,0.0,0.0,0.483,0.0,0.138,0.034,0.31,0.345,0.0,0.552,0.0,0.103,0.0,0.103,123250.0,0.3448275862068966,0.0
148.0,2.0,male,example,,target,left,0.0,10789.0,51.235,0.897,0.103,0.0,0.0,0.0,0.0,0.0,0.0,0.172,0.0,0.172,0.0,0.0,0.172,0.0,0.172,0.0,124091.0,0.8275862068965517,0.0
149.0,2.0,male,example,,target,left,0.0,10789.0,46.456,0.0,1.0,0.0,0.0,0.0,0.0,0.0,0.0,1.0,0.0,1.0,0.0,0.0,1.0,0.0,1.0,0.0,124932.0,0.0,0.0
150.0,2.0,male,example,,target,left,0.0,10789.0,71.473,0.103,0.897,0.0,0.0,0.0,0.0,0.0,0.0,0.966,0.0,0.966,0.0,0.0,0.966,0.0,0.966,0.0,125773.0,0.034482758620689655,0.0
151.0,2.0,male,example,,target,left,0.0,10789.0,248.201,0.0,0.931,0.0,0.0,0.0,0.0,0.448,0.0,0.483,0.0,0.483,0.138,0.138,0.655,0.0,0.793,0.0,117909.0,0.06896551724137931,0.06896551724137931
152.0,2.0,male,example,,target,left,0.0,10789.0,320.24,0.0,1.0,0.0,0.0,0.0,0.0,0.276,0.0,0.724,0.0,0.724,0.172,0.034,0.793,0.0,0.966,0.0,127455.0,0.0,0.0
153.0,2.0,male,example,,target,left,0.0,10789.0,126.481,0.0,0.966,0.0,0.0,0.0,0.0,0.828,0.0,0.103,0.0,0.103,0.0,0.0,0.931,0.0,0.931,0.0,123858.0,0.06896551724137931,0.034482758620689655
154.0,2.0,male,example,,target,left,0.0,10789.0,89.487,0.0,0.966,0.0,0.0,0.0,0.0,0.724,0.0,0.103,0.0,0.103,0.0,0.0,0.828,0.0,0.828,0.0,124697.0,0.1724137931034483,0.034482758620689655
155.0,2.0,male,example,,target,left,0.0,10789.0,176.441,0.0,1.0,0.0,0.0,0.0,0.0,0.0,0.0,0.0,0.0,0.0,0.0,0.0,0.0,0.0,0.0,0.0,129978.0,1.0,0.0
156.0,2.0,male,example,,target,left,0.0,10789.0,128.484,0.0,1.0,0.0,0.0,0.0,0.0,0.0,0.0,0.966,0.0,0.966,0.0,0.138,0.828,0.0,0.828,0.0,130819.0,0.034482758620689655,0.0
157.0,2.0,male,example,,target,left,0.0,10789.0,81.475,0.0,1.0,0.0,0.0,0.0,0.586,0.0,0.0,0.414,0.276,0.724,0.0,1.0,0.0,0.0,0.0,0.0,131660.0,0.0,0.0
158.0,2.0,male,example,,target,left,0.0,10789.0,44.566,0.0,1.0,0.0,0.0,0.0,0.931,0.0,0.0,0.069,0.0,1.0,0.0,1.0,0.0,0.0,0.0,0.0,132501.0,0.0,0.0
159.0,2.0,male,example,,target,left,0.0,10789.0,35.589,0.0,1.0,0.0,0.0,0.0,0.0,0.0,0.0,1.0,0.0,1.0,0.0,1.0,0.0,0.0,0.0,0.0,133342.0,0.0,0.0
160.0,2.0,male,example,,target,left,0.0,10789.0,40.183,0.0,1.0,0.0,0.0,0.0,0.0,0.0,0.0,1.0,0.0,1.0,0.0,0.897,0.103,0.0,0.103,0.0,134183.0,0.0,0.0
161.0,2.0,male,example,,target,left,0.0,10789.0,34.876,0.0,1.0,0.0,0.0,0.0,0.0,0.0,0.0,1.0,0.0,1.0,0.0,0.0,1.0,0.0,1.0,0.0,135024.0,0.0,0.0
162.0,2.0,male,example,,target,left,0.0,10789.0,54.645,0.0,1.0,0.0,0.0,0.0,0.0,0.0,0.0,0.138,0.0,0.138,0.0,0.0,0.138,0.0,0.138,0.0,135865.0,0.8620689655172413,0.0
163.0,2.0,male,example,,target,left,0.0,10789.0,26.383,0.0,1.0,0.0,0.0,0.0,0.0,0.0,0.0,0.69,0.0,0.69,0.0,0.69,0.0,0.0,0.0,0.0,136706.0,0.3103448275862069,0.0
164.0,2.0,male,example,,target,left,0.0,10789.0,42.134,0.0,1.0,0.0,0.0,0.0,0.0,0.0,0.0,1.0,0.0,1.0,0.0,1.0,0.0,0.0,0.0,0.0,137547.0,0.0,0.0
165.0,2.0,male,example,,target,left,0.0,10789.0,56.992,0.0,1.0,0.0,0.0,0.0,0.0,0.0,0.0,1.0,0.0,1.0,0.0,0.379,0.621,0.0,0.621,0.0,138388.0,0.0,0.0
166.0,2.0,male,example,,target,left,0.0,10789.0,25.034,0.0,1.0,0.0,0.0,0.0,0.0,0.0,0.0,1.0,0.0,1.0,0.0,0.0,1.0,0.0,1.0,0.0,139229.0,0.0,0.0
167.0,2.0,male,example,,target,left,0.0,10789.0,31.667,0.0,1.0,0.0,0.0,0.0,0.0,0.0,0.0,1.0,0.0,1.0,0.0,0.241,0.759,0.0,0.759,0.0,140070.0,0.0,0.0
168.0,2.0,male,example,,target,left,0.0,10789.0,20.231,0.0,1.0,0.0,0.0,0.0,0.0,0.0,0.0,1.0,0.0,1.0,0.0,1.0,0.0,0.0,0.0,0.0,140911.0,0.0,0.0
169.0,2.0,male,example,,target,left,0.0,10789.0,70.882,0.0,1.0,0.0,0.0,0.0,0.0,0.0,0.0,0.345,0.0,0.345,0.0,0.345,0.0,0.0,0.0,0.0,141752.0,0.6551724137931034,0.0
170.0,2.0,male,example,,target,left,0.0,10789.0,97.759,0.0,1.0,0.0,0.0,0.0,0.241,0.0,0.241,0.0,0.448,0.034,0.0,0.241,0.0,0.241,0.0,0.241,142593.0,0.5172413793103449,0.0
171.0,2.0,male,example,,target,left,0.0,10789.0,248.046,0.0,1.0,0.0,0.0,0.0,0.0,0.0,1.0,0.0,1.0,0.0,0.0,0.241,0.0,0.759,0.0,0.759,143434.0,0.0,0.0
172.0,2.0,male,example,,target,left,0.0,10789.0,56.103,0.69,0.31,0.0,0.0,0.0,0.0,0.0,1.0,0.0,1.0,0.0,0.0,1.0,0.0,0.0,0.0,0.0,144275.0,0.0,0.0
173.0,2.0,male,example,,target,left,0.0,10789.0,32.028,1.0,0.0,0.0,0.0,0.0,0.0,0.0,1.0,0.0,1.0,0.0,0.0,1.0,0.0,0.0,0.0,0.0,145116.0,0.0,0.0
174.0,2.0,male,example,,target,left,0.0,10789.0,156.529,0.862,0.138,0.0,0.0,0.0,0.034,0.0,0.966,0.0,1.0,0.0,0.0,0.828,0.0,0.172,0.0,0.172,145957.0,0.0,0.0
175.0,2.0,male,example,,target,left,0.0,10789.0,64.463,0.0,1.0,0.0,0.0,0.0,0.0,0.0,1.0,0.0,1.0,0.0,0.0,0.0,0.0,1.0,0.0,1.0,146798.0,0.0,0.0
176.0,2.0,male,example,,target,left,0.0,10789.0,68.364,0.069,0.931,0.0,0.0,0.0,0.0,0.0,0.621,0.0,0.621,0.0,0.0,0.0,0.0,0.621,0.0,0.621,147639.0,0.3793103448275862,0.0
177.0,2.0,male,example,,target,left,0.0,10789.0,29.958,1.0,0.0,0.0,0.0,0.0,0.0,0.0,0.207,0.0,0.207,0.0,0.0,0.207,0.0,0.0,0.0,0.0,148480.0,0.7931034482758621,0.0
178.0,2.0,male,example,,target,left,0.0,10789.0,24.199,1.0,0.0,0.0,0.0,0.0,0.0,0.0,1.0,0.0,1.0,0.0,0.0,1.0,0.0,0.0,0.0,0.0,149321.0,0.0,0.0
179.0,2.0,male,example,,target,left,0.0,10789.0,169.465,0.966,0.034,0.0,0.0,0.0,0.414,0.0,0.241,0.345,0.276,0.724,0.0,0.655,0.345,0.0,0.345,0.0,150162.0,0.0,0.0
180.0,2.0,male,example,,target,left,0.0,10789.0,149.467,0.172,0.828,0.0,0.0,0.0,0.0,0.0,0.0,1.0,0.0,1.0,0.0,0.0,1.0,0.0,1.0,0.0,151003.0,0.0,0.0
181.0,2.0,male,example,,target,left,0.0,10789.0,72.486,0.0,1.0,0.0,0.0,0.0,0.0,0.0,0.0,1.0,0.0,1.0,0.0,0.0,1.0,0.0,1.0,0.0,151844.0,0.0,0.0
182.0,2.0,male,example,,target,left,0.0,10789.0,33.212,0.0,1.0,0.0,0.0,0.0,0.0,0.0,0.0,1.0,0.0,1.0,0.0,0.0,1.0,0.0,1.0,0.0,152685.0,0.0,0.0
183.0,2.0,male,example,,target,left,0.0,10789.0,52.793,0.0,1.0,0.0,0.0,0.0,0.0,0.0,0.0,0.897,0.0,0.897,0.0,0.0,0.897,0.0,0.897,0.0,153526.0,0.10344827586206896,0.0
184.0,2.0,male,example,,target,left,0.0,10789.0,33.35,0.0,1.0,0.0,0.0,0.0,0.0,0.0,0.0,0.0,0.0,0.0,0.0,0.0,0.0,0.0,0.0,0.0,154367.0,1.0,0.0
185.0,2.0,male,example,,target,left,0.0,10789.0,31.47,0.0,1.0,0.0,0.0,0.0,0.0,0.0,0.0,0.931,0.0,0.931,0.0,0.0,0.931,0.0,0.931,0.0,155208.0,0.06896551724137931,0.0
186.0,2.0,male,example,,target,left,0.0,10789.0,35.333,0.0,1.0,0.0,0.0,0.0,0.0,0.0,0.0,1.0,0.0,1.0,0.0,0.0,1.0,0.0,1.0,0.0,156049.0,0.0,0.0
187.0,2.0,male,example,,target,left,0.0,10789.0,48.746,0.0,1.0,0.0,0.0,0.0,0.0,0.0,0.0,1.0,0.0,1.0,0.0,0.0,1.0,0.0,1.0,0.0,156890.0,0.0,0.0
188.0,2.0,male,example,,target,left,0.0,10789.0,43.593,0.0,1.0,0.0,0.0,0.0,0.0,0.0,0.0,1.0,0.0,1.0,0.0,0.0,1.0,0.0,1.0,0.0,157731.0,0.0,0.0
189.0,2.0,male,example,,target,left,0.0,10789.0,65.062,0.0,1.0,0.0,0.0,0.0,0.0,0.0,0.0,1.0,0.0,1.0,0.0,0.345,0.655,0.0,0.655,0.0,158572.0,0.0,0.0
190.0,2.0,male,example,,target,left,0.0,10789.0,34.426,0.0,1.0,0.0,0.0,0.0,0.0,0.0,0.0,1.0,0.0,1.0,0.0,1.0,0.0,0.0,0.0,0.0,159413.0,0.0,0.0
191.0,2.0,male,example,,target,left,0.0,10789.0,70.787,0.0,1.0,0.0,0.0,0.0,0.0,0.0,0.0,0.172,0.0,0.172,0.0,0.172,0.0,0.0,0.0,0.0,160254.0,0.8275862068965517,0.0
192.0,2.0,male,example,,target,left,0.0,10789.0,66.067,0.0,1.0,0.0,0.0,0.0,0.0,0.0,0.69,0.0,0.69,0.0,0.0,0.0,0.0,0.69,0.0,0.69,161095.0,0.3103448275862069,0.0
193.0,2.0,male,example,,target,left,0.0,10789.0,71.901,0.0,1.0,0.0,0.0,0.0,0.034,0.0,0.207,0.759,0.241,0.759,0.0,0.828,0.0,0.172,0.0,0.172,161936.0,0.0,0.0
194.0,2.0,male,example,,target,left,0.0,10789.0,56.517,0.034,0.966,0.0,0.0,0.0,0.862,0.0,0.0,0.138,0.517,0.483,0.0,1.0,0.0,0.0,0.0,0.0,162777.0,0.0,0.0
195.0,2.0,male,example,,target,left,0.0,10789.0,80.215,0.586,0.414,0.0,0.0,0.0,0.828,0.0,0.0,0.172,0.103,0.897,0.0,1.0,0.0,0.0,0.0,0.0,163618.0,0.0,0.0
196.0,2.0,male,example,,target,left,0.0,10789.0,52.135,1.0,0.0,0.0,0.0,0.0,0.966,0.0,0.034,0.0,0.759,0.241,0.0,1.0,0.0,0.0,0.0,0.0,164459.0,0.0,0.0
197.0,2.0,male,example,,target,left,0.0,10789.0,69.271,0.379,0.621,0.0,0.0,0.0,0.897,0.0,0.103,0.0,0.621,0.379,0.0,1.0,0.0,0.0,0.0,0.0,165300.0,0.0,0.0
198.0,2.0,male,example,,target,left,0.0,10789.0,91.565,0.414,0.586,0.0,0.0,0.0,0.414,0.0,0.0,0.0,0.0,0.414,0.0,0.414,0.0,0.0,0.0,0.0,166141.0,0.5862068965517241,0.0
199.0,2.0,male,example,,target,left,0.0,10789.0,119.389,0.793,0.207,0.0,0.0,0.0,0.31,0.0,0.0,0.138,0.207,0.241,0.0,0.448,0.0,0.0,0.0,0.0,166982.0,0.5517241379310345,0.0
200.0,2.0,male,example,,target,left,0.0,10789.0,93.699,1.0,0.0,0.0,0.0,0.0,0.483,0.0,0.0,0.517,0.138,0.862,0.0,0.517,0.483,0.0,0.483,0.0,167823.0,0.0,0.0
201.0,2.0,male,example,,target,left,0.0,10789.0,68.256,1.0,0.0,0.0,0.0,0.0,0.0,0.379,0.0,0.621,0.0,0.621,0.069,0.0,0.931,0.0,1.0,0.0,168664.0,0.0,0.0
202.0,2.0,male,example,,target,left,0.0,10789.0,55.005,1.0,0.0,0.0,0.0,0.0,0.0,1.0,0.0,0.0,0.0,0.0,0.655,0.0,0.345,0.0,1.0,0.0,169505.0,0.0,0.0
203.0,2.0,male,example,,target,left,0.0,10789.0,78.393,1.0,0.0,0.0,0.0,0.0,0.0,1.0,0.0,0.0,0.0,0.0,0.552,0.0,0.448,0.0,0.931,0.069,170346.0,0.0,0.0
204.0,2.0,male,example,,target,left,0.0,10789.0,65.465,1.0,0.0,0.0,0.0,0.0,0.0,0.966,0.0,0.034,0.0,0.034,0.034,0.0,0.966,0.0,1.0,0.0,171187.0,0.0,0.0
205.0,2.0,male,example,,target,left,0.0,10789.0,110.993,1.0,0.0,0.0,0.0,0.0,0.0,0.0,0.0,0.655,0.0,0.655,0.0,0.0,0.655,0.0,0.655,0.0,172028.0,0.3448275862068966,0.0
206.0,2.0,male,example,,target,left,0.0,10789.0,58.222,1.0,0.0,0.0,0.0,0.0,0.0,0.0,0.0,0.172,0.0,0.172,0.0,0.172,0.0,0.0,0.0,0.0,172869.0,0.8275862068965517,0.0
207.0,2.0,male,example,,target,left,0.0,10789.0,53.086,1.0,0.0,0.0,0.0,0.0,0.207,0.0,0.517,0.276,0.69,0.31,0.0,1.0,0.0,0.0,0.0,0.0,173710.0,0.0,0.0
208.0,2.0,male,example,,target,left,0.0,10789.0,39.726,1.0,0.0,0.0,0.0,0.0,0.0,0.0,1.0,0.0,1.0,0.0,0.0,0.483,0.0,0.517,0.0,0.517,174551.0,0.0,0.0
209.0,2.0,male,example,,target,left,0.0,10789.0,55.194,1.0,0.0,0.0,0.0,0.0,0.0,0.0,1.0,0.0,1.0,0.0,0.0,0.586,0.0,0.414,0.0,0.414,175392.0,0.0,0.0
210.0,2.0,male,example,,target,left,0.0,10789.0,40.604,1.0,0.0,0.0,0.0,0.0,0.0,0.0,1.0,0.0,1.0,0.0,0.0,0.862,0.0,0.138,0.0,0.138,176233.0,0.0,0.0
211.0,2.0,male,example,,target,left,0.0,10789.0,64.141,1.0,0.0,0.0,0.0,0.0,0.0,0.0,1.0,0.0,1.0,0.0,0.0,0.0,0.0,1.0,0.0,1.0,177074.0,0.0,0.0
212.0,2.0,male,example,,target,left,0.0,10789.0,33.802,1.0,0.0,0.0,0.0,0.0,0.0,0.0,0.862,0.0,0.862,0.0,0.0,0.0,0.0,0.862,0.0,0.862,177915.0,0.13793103448275862,0.0
213.0,2.0,male,example,,target,left,0.0,10789.0,82.21,1.0,0.0,0.0,0.0,0.0,0.0,0.0,0.0,0.0,0.0,0.0,0.0,0.0,0.0,0.0,0.0,0.0,178756.0,1.0,0.0
214.0,2.0,male,example,,target,left,0.0,10789.0,40.828,1.0,0.0,0.0,0.0,0.0,0.897,0.0,0.034,0.0,0.69,0.241,0.0,0.931,0.0,0.0,0.0,0.0,179597.0,0.06896551724137931,0.0
215.0,2.0,male,example,,target,left,0.0,10789.0,52.949,1.0,0.0,0.0,0.0,0.0,0.0,0.0,1.0,0.0,1.0,0.0,0.0,0.586,0.0,0.414,0.0,0.414,180438.0,0.0,0.0
216.0,2.0,male,example,,target,left,0.0,10789.0,56.24,1.0,0.0,0.0,0.0,0.0,0.069,0.0,0.276,0.655,0.345,0.655,0.0,1.0,0.0,0.0,0.0,0.0,181279.0,0.0,0.0
217.0,2.0,male,example,,target,left,0.0,10789.0,45.404,1.0,0.0,0.0,0.0,0.0,0.0,0.0,0.0,1.0,0.0,1.0,0.0,0.931,0.069,0.0,0.069,0.0,182120.0,0.0,0.0
218.0,2.0,male,example,,target,left,0.0,10789.0,42.899,1.0,0.0,0.0,0.0,0.0,0.0,0.0,0.0,1.0,0.0,1.0,0.0,0.0,1.0,0.0,1.0,0.0,182961.0,0.0,0.0
219.0,2.0,male,example,,target,left,0.0,10789.0,27.101,1.0,0.0,0.0,0.0,0.0,0.0,0.0,0.0,1.0,0.0,1.0,0.0,0.0,1.0,0.0,1.0,0.0,183802.0,0.0,0.0
220.0,2.0,male,example,,target,left,0.0,10789.0,44.155,1.0,0.0,0.0,0.0,0.0,0.0,0.0,0.0,0.138,0.0,0.138,0.0,0.0,0.138,0.0,0.138,0.0,184643.0,0.8620689655172413,0.0
221.0,2.0,male,example,,target,left,0.0,10789.0,24.616,1.0,0.0,0.0,0.0,0.0,0.0,0.0,0.0,0.69,0.0,0.69,0.0,0.0,0.69,0.0,0.69,0.0,185484.0,0.3103448275862069,0.0
222.0,2.0,male,example,,target,left,0.0,10789.0,30.54,1.0,0.0,0.0,0.0,0.0,0.0,0.0,0.0,1.0,0.0,1.0,0.0,0.0,1.0,0.0,1.0,0.0,186325.0,0.0,0.0
223.0,2.0,male,example,,target,left,0.0,10789.0,26.699,1.0,0.0,0.0,0.0,0.0,0.0,0.0,0.0,1.0,0.0,1.0,0.0,0.0,1.0,0.0,1.0,0.0,187166.0,0.0,0.0
224.0,2.0,male,example,,target,left,0.0,10789.0,36.918,1.0,0.0,0.0,0.0,0.0,0.0,0.0,0.0,1.0,0.0,1.0,0.0,0.345,0.655,0.0,0.655,0.0,188007.0,0.0,0.0
225.0,2.0,male,example,,target,left,0.0,10789.0,58.114,1.0,0.0,0.0,0.0,0.0,0.0,0.552,0.0,0.448,0.0,0.448,0.0,0.0,1.0,0.0,1.0,0.0,188848.0,0.0,0.0
226.0,2.0,male,example,,target,left,0.0,10789.0,30.093,1.0,0.0,0.0,0.0,0.0,0.0,0.724,0.0,0.276,0.0,0.276,0.0,0.0,1.0,0.0,1.0,0.0,189689.0,0.0,0.0
227.0,2.0,male,example,,target,left,0.0,10789.0,55.858,1.0,0.0,0.0,0.0,0.0,0.0,0.345,0.0,0.034,0.0,0.034,0.0,0.0,0.379,0.0,0.379,0.0,190530.0,0.6206896551724138,0.0
228.0,2.0,male,example,,target,left,0.0,10789.0,66.295,1.0,0.0,0.0,0.0,0.0,0.0,0.103,0.0,0.345,0.0,0.345,0.0,0.0,0.448,0.0,0.448,0.0,191371.0,0.5517241379310345,0.0
229.0,2.0,male,example,,target,left,0.0,10789.0,56.582,1.0,0.0,0.0,0.0,0.0,0.0,0.0,0.0,1.0,0.0,1.0,0.0,0.0,1.0,0.0,1.0,0.0,192212.0,0.0,0.0
230.0,2.0,male,example,,target,left,0.0,10789.0,88.699,1.0,0.0,0.0,0.0,0.0,0.103,0.0,0.0,0.897,0.0,1.0,0.0,0.172,0.828,0.0,0.828,0.0,193053.0,0.0,0.0
231.0,2.0,male,example,,target,left,0.0,10789.0,48.922,1.0,0.0,0.0,0.0,0.0,0.552,0.0,0.0,0.448,0.069,0.931,0.0,1.0,0.0,0.0,0.0,0.0,193894.0,0.0,0.0
232.0,2.0,male,example,,target,left,0.0,10789.0,47.662,1.0,0.0,0.0,0.0,0.0,0.862,0.0,0.103,0.034,0.207,0.793,0.0,0.897,0.0,0.103,0.0,0.103,194735.0,0.0,0.0
233.0,2.0,male,example,,target,left,0.0,10789.0,51.926,1.0,0.0,0.0,0.0,0.0,0.0,0.0,1.0,0.0,1.0,0.0,0.0,0.0,0.0,1.0,0.0,1.0,195576.0,0.0,0.0
234.0,2.0,male,example,,target,left,0.0,10789.0,37.476,1.0,0.0,0.0,0.0,0.0,0.0,0.0,0.621,0.0,0.621,0.0,0.0,0.0,0.0,0.621,0.0,0.621,196417.0,0.3793103448275862,0.0
235.0,2.0,male,example,,target,left,0.0,10789.0,33.741,1.0,0.0,0.0,0.0,0.0,0.0,0.0,0.207,0.0,0.207,0.0,0.0,0.0,0.0,0.207,0.0,0.207,197258.0,0.7931034482758621,0.0
236.0,2.0,male,example,,target,left,0.0,10789.0,56.677,1.0,0.0,0.0,0.0,0.0,0.0,0.0,1.0,0.0,1.0,0.0,0.0,0.0,0.0,1.0,0.0,1.0,198099.0,0.0,0.0
237.0,2.0,male,example,,target,left,0.0,10789.0,47.772,0.828,0.0,0.0,0.0,0.0,0.0,0.0,0.793,0.0,0.793,0.0,0.0,0.0,0.0,0.793,0.0,0.793,164670.0,0.20689655172413793,0.1724137931034483
238.0,2.0,male,example,,target,left,0.0,10789.0,81.77,1.0,0.0,0.0,0.0,0.0,0.0,0.0,1.0,0.0,1.0,0.0,0.0,0.31,0.0,0.69,0.0,0.69,199781.0,0.0,0.0
239.0,2.0,male,example,,target,left,0.0,10789.0,109.863,1.0,0.0,0.0,0.0,0.0,0.207,0.0,0.793,0.0,1.0,0.0,0.0,1.0,0.0,0.0,0.0,0.0,200622.0,0.0,0.0
240.0,2.0,male,example,,target,left,0.0,10789.0,113.793,1.0,0.0,0.0,0.0,0.0,0.0,0.0,1.0,0.0,1.0,0.0,0.0,0.448,0.0,0.552,0.0,0.552,201463.0,0.0,0.0
241.0,2.0,male,example,,target,left,0.0,10789.0,39.13,1.0,0.0,0.0,0.0,0.0,0.0,0.0,0.862,0.0,0.862,0.0,0.0,0.0,0.0,0.862,0.0,0.862,202304.0,0.13793103448275862,0.0
242.0,2.0,male,example,,target,left,0.0,10789.0,47.352,1.0,0.0,0.0,0.0,0.0,0.0,0.0,0.0,0.0,0.0,0.0,0.0,0.0,0.0,0.0,0.0,0.0,203145.0,1.0,0.0
243.0,2.0,male,example,,target,left,0.0,10789.0,126.558,1.0,0.0,0.0,0.0,0.0,0.0,0.828,0.0,0.138,0.0,0.138,0.414,0.0,0.483,0.069,0.759,0.207,203986.0,0.034482758620689655,0.0
244.0,2.0,male,example,,target,left,0.0,10789.0,121.453,1.0,0.0,0.0,0.0,0.0,0.0,0.586,0.0,0.414,0.0,0.414,0.0,0.0,1.0,0.0,1.0,0.0,204827.0,0.0,0.0
245.0,2.0,male,example,,target,left,0.0,10789.0,151.027,1.0,0.0,0.0,0.0,0.0,0.0,0.586,0.241,0.172,0.241,0.172,0.241,0.0,0.414,0.345,0.483,0.517,205668.0,0.0,0.0
246.0,2.0,male,example,,target,left,0.0,10789.0,87.333,1.0,0.0,0.0,0.0,0.0,0.276,0.0,0.724,0.0,0.966,0.034,0.0,0.276,0.0,0.724,0.0,0.724,206509.0,0.0,0.0
247.0,2.0,male,example,,target,left,0.0,10789.0,72.108,1.0,0.0,0.0,0.0,0.0,0.586,0.0,0.0,0.414,0.207,0.793,0.0,1.0,0.0,0.0,0.0,0.0,207350.0,0.0,0.0
248.0,2.0,male,example,,target,left,0.0,10789.0,41.972,1.0,0.0,0.0,0.0,0.0,0.0,0.0,0.0,1.0,0.0,1.0,0.0,1.0,0.0,0.0,0.0,0.0,208191.0,0.0,0.0
249.0,2.0,male,example,,target,left,0.0,10789.0,81.938,1.0,0.0,0.0,0.0,0.0,0.0,0.0,0.0,0.138,0.0,0.138,0.0,0.138,0.0,0.0,0.0,0.0,209032.0,0.8620689655172413,0.0
250.0,2.0,male,example,,target,left,0.0,10789.0,31.947,1.0,0.0,0.0,0.0,0.0,0.0,0.0,0.0,0.69,0.0,0.69,0.0,0.69,0.0,0.0,0.0,0.0,209873.0,0.3103448275862069,0.0
251.0,2.0,male,example,,target,left,0.0,10789.0,169.03,1.0,0.0,0.0,0.0,0.0,0.069,0.0,0.793,0.138,0.828,0.172,0.0,0.172,0.0,0.828,0.0,0.828,210714.0,0.0,0.0
252.0,2.0,male,example,,target,left,0.0,10789.0,159.818,1.0,0.0,0.0,0.0,0.0,0.0,0.0,1.0,0.0,1.0,0.0,0.0,0.0,0.0,1.0,0.0,1.0,211555.0,0.0,0.0
253.0,2.0,male,example,,target,left,0.0,10789.0,97.188,1.0,0.0,0.0,0.0,0.0,0.0,0.034,0.966,0.0,0.966,0.0,0.0,0.0,0.0,1.0,0.0,1.0,212396.0,0.0,0.0
254.0,2.0,male,example,,target,left,0.0,10789.0,63.973,1.0,0.0,0.0,0.0,0.0,0.0,0.69,0.31,0.0,0.31,0.0,0.0,0.0,0.0,1.0,0.0,1.0,213237.0,0.0,0.0
255.0,2.0,male,example,,target,left,0.0,10789.0,85.972,1.0,0.0,0.0,0.0,0.0,0.0,0.448,0.552,0.0,0.552,0.0,0.0,0.517,0.0,0.483,0.0,0.483,214078.0,0.0,0.0
256.0,2.0,male,example,,target,left,0.0,10789.0,89.569,1.0,0.0,0.0,0.0,0.0,0.0,0.172,0.207,0.0,0.207,0.0,0.0,0.138,0.0,0.241,0.0,0.241,214919.0,0.6206896551724138,0.0
257.0,2.0,male,example,,target,left,0.0,10789.0,73.417,1.0,0.0,0.0,0.0,0.0,0.0,0.0,0.448,0.0,0.448,0.0,0.0,0.276,0.0,0.172,0.0,0.172,215760.0,0.5517241379310345,0.0
258.0,2.0,male,example,,target,left,0.0,10789.0,102.495,1.0,0.0,0.0,0.0,0.0,0.0,0.0,1.0,0.0,1.0,0.0,0.0,0.103,0.0,0.897,0.0,0.897,216601.0,0.0,0.0
259.0,2.0,male,example,,target,left,0.0,10789.0,42.495,1.0,0.0,0.0,0.0,0.0,0.0,0.0,1.0,0.0,1.0,0.0,0.0,0.0,0.0,1.0,0.0,1.0,217442.0,0.0,0.0
260.0,2.0,male,example,,target,left,0.0,10789.0,75.012,1.0,0.0,0.0,0.0,0.0,0.0,0.0,1.0,0.0,1.0,0.0,0.0,0.069,0.0,0.931,0.0,0.931,218283.0,0.0,0.0
261.0,2.0,male,example,,target,left,0.0,10789.0,82.072,1.0,0.0,0.0,0.0,0.0,0.483,0.0,0.517,0.0,0.552,0.448,0.0,0.621,0.0,0.379,0.0,0.379,219124.0,0.0,0.0
262.0,2.0,male,example,,target,left,0.0,10789.0,108.388,1.0,0.0,0.0,0.0,0.0,0.241,0.0,0.483,0.276,0.69,0.31,0.0,0.793,0.0,0.207,0.0,0.207,219965.0,0.0,0.0
263.0,2.0,male,example,,target,left,0.0,10789.0,67.722,1.0,0.0,0.0,0.0,0.0,0.0,0.0,0.0,0.621,0.0,0.621,0.0,0.621,0.0,0.0,0.0,0.0,220806.0,0.3793103448275862,0.0
264.0,2.0,male,example,,target,left,0.0,10789.0,57.954,1.0,0.0,0.0,0.0,0.0,0.034,0.0,0.0,0.172,0.0,0.207,0.0,0.207,0.0,0.0,0.0,0.0,221647.0,0.7931034482758621,0.0
265.0,2.0,male,example,,target,left,0.0,10789.0,72.569,1.0,0.0,0.0,0.0,0.0,0.0,0.0,0.0,1.0,0.0,1.0,0.0,1.0,0.0,0.0,0.0,0.0,222488.0,0.0,0.0
266.0,2.0,male,example,,target,left,0.0,10789.0,69.276,1.0,0.0,0.0,0.0,0.0,0.621,0.0,0.069,0.31,0.552,0.448,0.0,0.966,0.0,0.034,0.0,0.034,223329.0,0.0,0.0
267.0,2.0,male,example,,target,left,0.0,10789.0,85.559,1.0,0.0,0.0,0.0,0.0,0.241,0.0,0.241,0.517,0.379,0.621,0.0,1.0,0.0,0.0,0.0,0.0,224170.0,0.0,0.0
268.0,2.0,male,example,,target,left,0.0,10789.0,107.746,1.0,0.0,0.0,0.0,0.0,0.069,0.0,0.931,0.0,1.0,0.0,0.0,0.724,0.276,0.0,0.276,0.0,225011.0,0.0,0.0
269.0,2.0,male,example,,target,left,0.0,10789.0,110.819,0.966,0.0,0.0,0.0,0.0,0.793,0.0,0.069,0.138,0.379,0.621,0.0,0.034,0.966,0.0,0.966,0.0,225852.0,0.0,0.0
270.0,2.0,male,example,,target,left,0.0,10789.0,53.494,0.0,0.0,0.0,0.0,0.0,0.0,0.207,0.897,0.0,0.69,0.0,0.0,0.897,0.0,0.0,0.0,0.0,226693.0,0.10344827586206896,0.0
271.0,2.0,male,example,,target,left,0.0,10789.0,38.818,0.0,0.0,0.0,0.0,0.0,0.0,0.0,0.0,0.0,0.0,0.0,0.0,0.0,0.0,0.0,0.0,0.0,227534.0,1.0,0.0
272.0,2.0,male,example,,target,left,0.0,10789.0,25.199,0.0,0.0,0.0,0.0,0.0,0.0,0.0,0.966,0.0,0.966,0.0,0.0,0.966,0.0,0.0,0.0,0.0,228375.0,0.034482758620689655,0.0
273.0,2.0,male,example,,target,left,0.0,10789.0,37.487,0.0,0.0,0.0,0.0,0.0,0.0,0.0,1.0,0.0,1.0,0.0,0.0,1.0,0.0,0.0,0.0,0.0,229216.0,0.0,0.0
274.0,2.0,male,example,,target,left,0.0,10789.0,55.554,0.0,0.0,0.0,0.0,0.0,0.0,0.517,0.483,0.0,0.241,0.0,0.0,0.276,0.483,0.0,0.483,0.0,230057.0,0.2413793103448276,0.0
275.0,2.0,male,example,,target,left,0.0,10789.0,29.404,0.0,0.0,0.0,0.0,0.0,0.0,1.0,0.0,0.0,0.0,0.0,0.0,0.0,1.0,0.0,1.0,0.0,230898.0,0.0,0.0
276.0,2.0,male,example,,target,left,0.0,10789.0,39.966,0.31,0.0,0.0,0.0,0.0,0.0,1.0,0.0,0.0,0.0,0.0,0.0,0.0,1.0,0.0,1.0,0.0,231739.0,0.0,0.0
277.0,2.0,male,example,,target,left,0.0,10789.0,15.726,1.0,0.0,0.0,0.0,0.0,0.0,1.0,0.0,0.0,0.0,0.0,0.0,0.0,1.0,0.0,1.0,0.0,232580.0,0.0,0.0
278.0,2.0,male,example,,target,left,0.0,10789.0,29.974,1.0,0.0,0.0,0.0,0.0,0.0,0.138,0.0,0.0,0.0,0.0,0.0,0.0,0.138,0.0,0.138,0.0,233421.0,0.8620689655172413,0.0
279.0,2.0,male,example,,target,left,0.0,10789.0,30.608,1.0,0.0,0.0,0.0,0.0,0.0,0.31,0.414,0.0,0.414,0.0,0.0,0.0,0.724,0.0,0.724,0.0,234262.0,0.27586206896551724,0.0
280.0,2.0,male,example,,target,left,0.0,10789.0,26.972,1.0,0.0,0.0,0.0,0.0,0.0,0.828,0.172,0.0,0.172,0.0,0.0,0.0,1.0,0.0,1.0,0.0,235103.0,0.0,0.0
281.0,2.0,male,example,,target,left,0.0,10789.0,42.946,1.0,0.0,0.0,0.0,0.0,0.0,0.966,0.034,0.0,0.034,0.0,0.0,0.0,1.0,0.0,1.0,0.0,235944.0,0.0,0.0
282.0,2.0,male,example,,target,left,0.0,10789.0,38.664,1.0,0.0,0.0,0.0,0.0,0.0,1.0,0.0,0.0,0.0,0.0,0.0,0.0,1.0,0.0,1.0,0.0,236785.0,0.0,0.0
283.0,2.0,male,example,,target,left,0.0,10789.0,91.182,0.138,0.0,0.0,0.0,0.0,0.0,0.207,0.793,0.034,0.759,0.034,0.0,0.828,0.172,0.0,0.172,0.0,237626.0,0.0,0.0
284.0,2.0,male,example,,target,left,0.0,10789.0,47.555,0.138,0.0,0.0,0.0,0.0,0.034,0.034,0.966,0.0,0.966,0.0,0.0,0.517,0.483,0.0,0.483,0.0,238467.0,0.0,0.0
285.0,2.0,male,example,,target,left,0.0,10789.0,66.468,0.034,0.0,0.0,0.0,0.0,0.0,0.069,0.379,0.0,0.31,0.0,0.0,0.172,0.207,0.0,0.207,0.0,239308.0,0.6206896551724138,0.0
286.0,2.0,male,example,,target,left,0.0,10789.0,68.156,0.0,0.0,0.0,0.0,0.0,0.0,0.0,0.483,0.0,0.483,0.0,0.0,0.448,0.034,0.0,0.034,0.0,240149.0,0.5172413793103449,0.0
287.0,2.0,male,example,,target,left,0.0,10789.0,34.873,0.0,0.0,0.0,0.0,0.0,0.0,0.0,1.0,0.0,1.0,0.0,0.0,1.0,0.0,0.0,0.0,0.0,240990.0,0.0,0.0
288.0,2.0,male,example,,target,left,0.0,10789.0,36.665,0.0,0.0,0.0,0.0,0.0,0.0,0.0,1.0,0.0,1.0,0.0,0.0,1.0,0.0,0.0,0.0,0.0,241831.0,0.0,0.0
289.0,2.0,male,example,,target,left,0.0,10789.0,56.239,0.0,0.0,0.0,0.0,0.0,0.0,0.0,0.138,0.759,0.138,0.759,0.0,0.897,0.0,0.0,0.0,0.0,242672.0,0.10344827586206896,0.0
290.0,2.0,male,example,,target,left,0.0,10789.0,42.153,0.0,0.0,0.0,0.0,0.0,0.0,0.0,0.0,1.0,0.0,1.0,0.0,1.0,0.0,0.0,0.0,0.0,243513.0,0.0,0.0
291.0,2.0,male,example,,target,left,0.0,10789.0,57.169,0.0,0.0,0.0,0.0,0.0,0.0,0.0,0.0,1.0,0.0,1.0,0.0,0.862,0.0,0.138,0.0,0.138,244354.0,0.0,0.0
292.0,2.0,male,example,,target,left,0.0,10789.0,30.972,0.0,0.0,0.0,0.0,0.0,0.069,0.0,0.0,0.552,0.0,0.621,0.0,0.0,0.0,0.621,0.0,0.621,245195.0,0.3793103448275862,0.0
293.0,2.0,male,example,,target,left,0.0,10789.0,32.727,0.0,0.0,0.0,0.0,0.0,0.0,0.0,0.0,0.241,0.0,0.241,0.0,0.0,0.0,0.241,0.0,0.241,246036.0,0.7586206896551724,0.0
294.0,2.0,male,example,,target,left,0.0,10789.0,49.58,0.0,0.0,0.0,0.0,0.0,0.655,0.0,0.0,0.345,0.0,1.0,0.0,0.0,0.0,1.0,0.0,1.0,246877.0,0.0,0.0
295.0,2.0,male,example,,target,left,0.0,10789.0,71.255,0.0,0.0,0.0,0.0,0.0,0.034,0.0,0.0,0.966,0.0,1.0,0.0,0.0,0.0,1.0,0.0,1.0,247718.0,0.0,0.0
296.0,2.0,male,example,,target,left,0.0,10789.0,66.241,0.0,0.0,0.0,0.0,0.0,0.0,0.172,0.0,1.0,0.0,0.828,0.0,0.0,0.0,1.0,0.0,1.0,248559.0,0.0,0.0
297.0,2.0,male,example,,target,left,0.0,10789.0,59.351,0.0,0.0,0.0,0.0,0.0,0.0,0.138,0.414,0.138,0.414,0.0,0.0,0.379,0.0,0.172,0.0,0.172,249400.0,0.4482758620689655,0.0
298.0,2.0,male,example,,target,left,0.0,10789.0,26.731,0.0,0.0,0.0,0.0,0.0,0.0,0.0,1.0,0.0,1.0,0.0,0.0,1.0,0.0,0.0,0.0,0.0,250241.0,0.0,0.0
299.0,2.0,male,example,,target,left,0.0,10789.0,27.877,0.0,0.0,0.0,0.0,0.0,0.0,0.0,0.862,0.0,0.862,0.0,0.0,0.862,0.0,0.0,0.0,0.0,251082.0,0.13793103448275862,0.0
300.0,2.0,male,example,,target,left,0.0,10789.0,79.755,0.31,0.0,0.0,0.0,0.0,0.0,0.0,0.0,0.0,0.0,0.0,0.0,0.0,0.0,0.0,0.0,0.0,251923.0,1.0,0.0
301.0,2.0,male,example,,target,left,0.0,10789.0,40.378,1.0,0.0,0.0,0.0,0.0,0.172,0.0,0.0,0.828,0.138,0.862,0.0,0.0,1.0,0.0,1.0,0.0,252764.0,0.0,0.0
302.0,2.0,male,example,,target,left,0.0,10789.0,33.236,0.552,0.0,0.0,0.0,0.0,0.345,0.034,0.345,0.276,0.621,0.345,0.0,0.0,1.0,0.0,1.0,0.0,253605.0,0.0,0.0
303.0,2.0,male,example,,target,left,0.0,10789.0,38.71,0.621,0.0,0.0,0.0,0.0,0.0,0.966,0.0,0.034,0.0,0.034,0.0,0.0,1.0,0.0,1.0,0.0,254446.0,0.0,0.0
304.0,2.0,male,example,,target,left,0.0,10789.0,24.906,0.0,0.0,0.0,0.0,0.0,0.0,1.0,0.0,0.0,0.0,0.0,0.0,0.0,1.0,0.0,1.0,0.0,255287.0,0.0,0.0
305.0,2.0,male,example,,target,left,0.0,10789.0,35.284,0.0,0.0,0.0,0.0,0.0,0.0,1.0,0.069,0.0,0.0,0.0,0.0,0.0,1.0,0.0,1.0,0.0,256128.0,0.0,0.0
306.0,2.0,male,example,,target,left,0.0,10789.0,29.763,0.0,0.0,0.0,0.0,0.0,0.0,1.0,0.034,0.0,0.0,0.0,0.0,0.0,1.0,0.0,1.0,0.0,256969.0,0.0,0.0
307.0,2.0,male,example,,target,left,0.0,10789.0,29.363,0.414,0.0,0.0,0.0,0.0,0.0,0.103,0.0,0.0,0.0,0.0,0.0,0.0,0.103,0.0,0.103,0.0,257810.0,0.896551724137931,0.0
308.0,2.0,male,example,,target,left,0.0,10789.0,65.859,0.897,0.0,0.0,0.0,0.0,0.0,0.759,0.0,0.0,0.0,0.0,0.0,0.0,0.759,0.0,0.759,0.0,258651.0,0.2413793103448276,0.0
309.0,2.0,male,example,,target,left,0.0,10789.0,69.272,1.0,0.0,0.0,0.0,0.0,0.0,1.0,0.0,0.0,0.0,0.0,0.0,0.0,1.0,0.0,1.0,0.0,259492.0,0.0,0.0
310.0,2.0,male,example,,target,left,0.0,10789.0,62.377,1.0,0.0,0.0,0.0,0.0,0.0,0.931,0.0,0.069,0.0,0.069,0.0,0.069,0.931,0.0,0.931,0.0,260333.0,0.0,0.0
311.0,2.0,male,example,,target,left,0.0,10789.0,99.851,1.0,0.0,0.0,0.0,0.0,0.0,0.828,0.0,0.172,0.0,0.172,0.0,0.103,0.897,0.0,0.897,0.0,261174.0,0.0,0.0
312.0,2.0,male,example,,target,left,0.0,10789.0,103.361,0.621,0.0,0.0,0.0,0.0,0.0,0.207,0.0,0.793,0.0,0.793,0.0,0.655,0.345,0.0,0.345,0.0,262015.0,0.0,0.0
313.0,2.0,male,example,,target,left,0.0,10789.0,53.098,1.0,0.0,0.0,0.0,0.0,0.517,0.0,0.31,0.172,0.586,0.414,0.0,1.0,0.0,0.0,0.0,0.0,262856.0,0.0,0.0
314.0,2.0,male,example,,target,left,0.0,10789.0,99.226,0.483,0.0,0.0,0.0,0.0,0.172,0.0,0.172,0.0,0.31,0.034,0.0,0.241,0.103,0.0,0.103,0.0,263697.0,0.6551724137931034,0.0
315.0,2.0,male,example,,target,left,0.0,10789.0,147.22,0.0,0.0,0.0,0.0,0.0,0.0,0.483,0.0,0.31,0.0,0.0,0.0,0.0,0.0,0.483,0.0,0.483,264538.0,0.5172413793103449,0.0
316.0,2.0,male,example,,target,left,0.0,10789.0,108.965,0.0,0.0,0.0,0.0,0.0,0.0,0.31,0.586,0.103,0.586,0.0,0.0,0.276,0.0,0.621,0.0,0.621,247050.0,0.10344827586206896,0.06896551724137931
317.0,2.0,male,example,,target,left,0.0,10789.0,38.416,0.0,0.0,0.0,0.0,0.0,0.0,0.172,0.0,0.655,0.0,0.483,0.0,0.069,0.0,0.586,0.0,0.586,174515.0,0.3448275862068966,0.3448275862068966
318.0,2.0,male,example,,target,left,0.0,10789.0,117.802,0.207,0.0,0.0,0.0,0.0,0.0,0.379,0.0,0.724,0.0,0.621,0.0,0.0,0.276,0.724,0.276,0.724,267061.0,0.0,0.0
319.0,2.0,male,example,,target,left,0.0,10789.0,44.11,1.0,0.0,0.0,0.0,0.0,0.0,1.0,0.0,0.0,0.0,0.0,0.0,0.0,1.0,0.0,1.0,0.0,267902.0,0.0,0.0
320.0,2.0,male,example,,target,left,0.0,10789.0,42.332,1.0,0.0,0.0,0.0,0.0,0.0,1.0,0.0,0.0,0.0,0.0,0.0,0.0,1.0,0.0,1.0,0.0,268743.0,0.0,0.0
321.0,2.0,male,example,,target,left,0.0,10789.0,95.67,1.0,0.0,0.0,0.0,0.0,0.0,0.345,0.276,0.0,0.276,0.0,0.0,0.0,0.621,0.0,0.621,0.0,269584.0,0.3793103448275862,0.0
322.0,2.0,male,example,,target,left,0.0,10789.0,102.993,1.0,0.0,0.0,0.0,0.0,0.0,0.0,0.207,0.0,0.207,0.0,0.207,0.0,0.0,0.0,0.0,0.207,270425.0,0.7931034482758621,0.0
323.0,2.0,male,example,,target,left,0.0,10789.0,61.84,1.0,0.0,0.0,0.0,0.0,0.0,0.0,1.0,0.0,1.0,0.0,0.241,0.0,0.0,0.759,0.0,1.0,271266.0,0.0,0.0
324.0,2.0,male,example,,target,left,0.0,10789.0,48.978,1.0,0.0,0.0,0.0,0.0,0.0,0.034,0.966,0.0,0.966,0.0,0.931,0.0,0.0,0.069,0.103,0.897,272107.0,0.0,0.0
325.0,2.0,male,example,,target,left,0.0,10789.0,63.301,0.966,0.0,0.0,0.0,0.0,0.0,0.621,0.31,0.0,0.31,0.0,0.862,0.0,0.0,0.069,0.448,0.483,263535.0,0.06896551724137931,0.034482758620689655
326.0,2.0,male,example,,target,left,0.0,10789.0,59.499,0.862,0.0,0.0,0.0,0.0,0.0,0.828,0.0,0.0,0.0,0.0,0.241,0.0,0.0,0.586,0.0,0.828,236039.0,0.1724137931034483,0.13793103448275862
327.0,2.0,male,example,,target,left,0.0,10789.0,73.647,0.966,0.0,0.0,0.0,0.0,0.0,0.931,0.0,0.0,0.0,0.0,0.586,0.0,0.0,0.345,0.241,0.69,265168.0,0.06896551724137931,0.034482758620689655
328.0,2.0,male,example,,target,left,0.0,10789.0,102.023,0.862,0.0,0.0,0.0,0.0,0.0,0.655,0.0,0.069,0.0,0.069,0.414,0.0,0.172,0.138,0.31,0.414,237437.0,0.27586206896551724,0.13793103448275862
329.0,2.0,male,example,,target,left,0.0,10789.0,59.081,1.0,0.0,0.0,0.0,0.0,0.0,0.0,0.0,0.0,0.0,0.0,0.0,0.0,0.0,0.0,0.0,0.0,276312.0,1.0,0.0
330.0,2.0,male,example,,target,left,0.0,10789.0,162.71,1.0,0.0,0.0,0.0,0.0,0.0,0.966,0.0,0.0,0.0,0.0,0.0,0.0,0.0,0.966,0.0,0.966,277153.0,0.034482758620689655,0.0
331.0,2.0,male,example,,target,left,0.0,10789.0,202.247,1.0,0.0,0.0,0.0,0.0,0.0,1.0,0.0,0.0,0.0,0.0,0.345,0.0,0.655,0.0,0.931,0.069,277994.0,0.0,0.0
332.0,2.0,male,example,,target,left,0.0,10789.0,123.676,1.0,0.0,0.0,0.0,0.0,0.0,0.862,0.138,0.0,0.138,0.0,0.034,0.0,0.0,0.966,0.0,1.0,278835.0,0.0,0.0
333.0,2.0,male,example,,target,left,0.0,10789.0,165.519,1.0,0.0,0.0,0.0,0.0,0.0,0.034,0.966,0.0,0.966,0.0,0.034,0.0,0.0,0.966,0.0,1.0,279676.0,0.0,0.0
334.0,2.0,male,example,,target,left,0.0,10789.0,54.734,1.0,0.0,0.0,0.0,0.0,0.0,0.0,1.0,0.0,1.0,0.0,0.0,0.0,0.0,1.0,0.0,1.0,280517.0,0.0,0.0
335.0,2.0,male,example,,target,left,0.0,10789.0,45.869,1.0,0.0,0.0,0.0,0.0,0.0,0.0,1.0,0.0,1.0,0.0,0.0,0.0,0.0,1.0,0.0,1.0,281358.0,0.0,0.0
336.0,2.0,male,example,,target,left,0.0,10789.0,142.533,1.0,0.0,0.0,0.0,0.0,0.0,0.0,0.138,0.0,0.138,0.0,0.0,0.0,0.0,0.138,0.0,0.138,282199.0,0.8620689655172413,0.0
337.0,2.0,male,example,,target,left,0.0,10789.0,163.3,1.0,0.0,0.0,0.0,0.0,0.0,0.0,0.724,0.0,0.724,0.0,0.0,0.0,0.0,0.724,0.0,0.724,283040.0,0.27586206896551724,0.0
338.0,2.0,male,example,,target,left,0.0,10789.0,69.283,1.0,0.0,0.0,0.0,0.0,0.0,0.931,0.069,0.0,0.069,0.0,0.586,0.0,0.0,0.414,0.207,0.793,283881.0,0.0,0.0
339.0,2.0,male,example,,target,left,0.0,10789.0,151.879,1.0,0.0,0.0,0.0,0.0,0.0,1.0,0.0,0.0,0.0,0.0,0.655,0.0,0.345,0.0,0.414,0.586,284722.0,0.0,0.0
340.0,2.0,male,example,,target,left,0.0,10789.0,84.745,1.0,0.0,0.0,0.0,0.0,0.0,1.0,0.0,0.0,0.0,0.0,0.276,0.0,0.0,0.724,0.0,1.0,285563.0,0.0,0.0
341.0,2.0,male,example,,target,left,0.0,10789.0,21.064,0.552,0.0,0.0,0.0,0.0,0.0,0.517,0.0,0.0,0.0,0.0,0.0,0.0,0.0,0.517,0.0,0.517,157912.0,0.4827586206896552,0.4482758620689655
342.0,2.0,male,example,,target,left,0.0,10789.0,33.166,0.207,0.586,0.0,0.0,0.0,0.0,0.0,0.0,0.793,0.0,0.793,0.0,0.0,0.793,0.0,0.793,0.0,227884.0,0.20689655172413793,0.20689655172413793
343.0,2.0,male,example,,target,left,0.0,10789.0,12.427,0.276,0.207,0.0,0.0,0.0,0.0,0.103,0.0,0.207,0.0,0.207,0.0,0.0,0.207,0.103,0.207,0.103,138981.0,0.6896551724137931,0.5172413793103449
344.0,2.0,male,example,,target,left,0.0,10789.0,0.0,0.103,0.0,0.0,0.0,0.0,0.0,0.0,0.0,0.0,0.0,0.0,0.0,0.0,0.0,0.0,0.0,0.0,29872.0,1.0,0.896551724137931
345.0,2.0,male,example,,target,left,0.0,10789.0,26.664,0.655,0.0,0.0,0.0,0.0,0.0,0.0,0.655,0.0,0.655,0.0,0.0,0.655,0.0,0.0,0.0,0.0,189943.0,0.3448275862068966,0.3448275862068966
346.0,2.0,male,example,,target,left,0.0,10789.0,107.355,1.0,0.0,0.0,0.0,0.0,0.276,0.0,0.483,0.241,0.69,0.31,0.0,0.69,0.31,0.0,0.31,0.0,290609.0,0.0,0.0
347.0,2.0,male,example,,target,left,0.0,10789.0,80.88,1.0,0.0,0.0,0.0,0.0,0.793,0.0,0.207,0.0,0.931,0.069,0.0,0.966,0.034,0.0,0.034,0.0,291450.0,0.0,0.0
348.0,2.0,male,example,,target,left,0.0,10789.0,238.593,0.897,0.0,0.0,0.0,0.0,0.0,0.034,0.793,0.0,0.793,0.0,0.034,0.276,0.0,0.517,0.0,0.552,262077.0,0.1724137931034483,0.10344827586206896
349.0,2.0,male,example,,target,left,0.0,10789.0,75.454,0.552,0.448,0.0,0.0,0.0,0.0,0.034,0.966,0.0,0.966,0.0,0.0,0.0,0.0,1.0,0.0,1.0,293132.0,0.0,0.0
350.0,2.0,male,example,,target,left,0.0,10789.0,117.255,0.276,0.724,0.0,0.0,0.0,0.0,0.0,0.621,0.0,0.621,0.0,0.0,0.0,0.0,0.621,0.0,0.621,293973.0,0.3793103448275862,0.0
351.0,2.0,male,example,,target,left,0.0,10789.0,62.109,0.655,0.345,0.0,0.0,0.0,0.0,0.069,0.103,0.0,0.103,0.0,0.0,0.0,0.0,0.172,0.0,0.172,294814.0,0.8275862068965517,0.0
352.0,2.0,male,example,,target,left,0.0,10789.0,65.823,0.448,0.552,0.0,0.0,0.0,0.0,0.276,0.724,0.0,0.724,0.0,0.0,0.0,0.0,1.0,0.0,1.0,295655.0,0.0,0.0
353.0,2.0,male,example,,target,left,0.0,10789.0,79.082,0.517,0.483,0.0,0.0,0.0,0.0,0.724,0.276,0.0,0.276,0.0,0.0,0.0,0.0,1.0,0.0,1.0,296496.0,0.0,0.0
354.0,2.0,male,example,,target,left,0.0,10789.0,72.354,0.483,0.517,0.0,0.0,0.0,0.0,0.862,0.138,0.0,0.138,0.0,0.0,0.0,0.0,1.0,0.0,1.0,297337.0,0.0,0.0
355.0,2.0,male,example,,target,left,0.0,10789.0,72.73,0.345,0.655,0.0,0.0,0.0,0.0,1.0,0.0,0.0,0.0,0.0,0.0,0.0,0.0,1.0,0.0,1.0,298178.0,0.0,0.0
356.0,2.0,male,example,,target,left,0.0,10789.0,61.236,0.31,0.69,0.0,0.0,0.0,0.0,1.0,0.0,0.0,0.0,0.0,0.0,0.0,0.0,1.0,0.0,1.0,299019.0,0.0,0.0
357.0,2.0,male,example,,target,left,0.0,10789.0,52.297,0.276,0.724,0.0,0.0,0.0,0.0,0.862,0.0,0.0,0.0,0.0,0.0,0.0,0.0,0.862,0.0,0.862,299860.0,0.13793103448275862,0.0
358.0,2.0,male,example,,target,left,0.0,10789.0,64.382,0.414,0.586,0.0,0.0,0.0,0.0,0.0,0.0,0.0,0.0,0.0,0.0,0.0,0.0,0.0,0.0,0.0,300701.0,1.0,0.0
359.0,2.0,male,example,,target,left,0.0,10789.0,71.677,0.276,0.724,0.0,0.0,0.0,0.0,0.966,0.0,0.0,0.0,0.0,0.0,0.0,0.0,0.966,0.0,0.966,301542.0,0.034482758620689655,0.0
360.0,2.0,male,example,,target,left,0.0,10789.0,55.625,0.31,0.69,0.0,0.0,0.0,0.0,1.0,0.0,0.0,0.0,0.0,0.0,0.0,0.0,1.0,0.0,1.0,302383.0,0.0,0.0
361.0,2.0,male,example,,target,left,0.0,10789.0,78.134,0.621,0.379,0.0,0.0,0.0,0.0,1.0,0.0,0.0,0.0,0.0,0.0,0.0,0.0,1.0,0.0,1.0,303224.0,0.0,0.0
362.0,2.0,male,example,,target,left,0.0,10789.0,64.068,0.207,0.793,0.0,0.0,0.0,0.0,1.0,0.0,0.0,0.0,0.0,0.0,0.0,0.0,1.0,0.0,1.0,304065.0,0.0,0.0
363.0,2.0,male,example,,target,left,0.0,10789.0,50.747,0.483,0.517,0.0,0.0,0.0,0.0,0.724,0.276,0.0,0.276,0.0,0.0,0.0,0.0,1.0,0.0,1.0,304906.0,0.0,0.0
364.0,2.0,male,example,,target,left,0.0,10789.0,69.556,0.345,0.655,0.0,0.0,0.0,0.0,0.483,0.517,0.0,0.517,0.0,0.0,0.0,0.0,1.0,0.0,1.0,305747.0,0.0,0.0
365.0,2.0,male,example,,target,left,0.0,10789.0,55.714,0.483,0.517,0.0,0.0,0.0,0.0,0.0,0.138,0.0,0.138,0.0,0.0,0.0,0.0,0.138,0.0,0.138,306588.0,0.8620689655172413,0.0
366.0,2.0,male,example,,target,left,0.0,10789.0,64.801,0.552,0.448,0.0,0.0,0.0,0.0,0.414,0.31,0.0,0.31,0.0,0.0,0.0,0.0,0.724,0.0,0.724,307429.0,0.27586206896551724,0.0
367.0,2.0,male,example,,target,left,0.0,10789.0,63.509,0.586,0.414,0.0,0.0,0.0,0.0,0.793,0.207,0.0,0.207,0.0,0.0,0.0,0.0,1.0,0.0,1.0,308270.0,0.0,0.0
368.0,2.0,male,example,,target,left,0.0,10789.0,65.874,0.034,0.966,0.0,0.0,0.0,0.0,0.897,0.103,0.0,0.103,0.0,0.0,0.0,0.0,1.0,0.0,1.0,309111.0,0.0,0.0
369.0,2.0,male,example,,target,left,0.0,10789.0,47.745,0.31,0.69,0.0,0.0,0.0,0.0,1.0,0.0,0.0,0.0,0.0,0.0,0.0,0.0,1.0,0.0,1.0,309952.0,0.0,0.0
370.0,2.0,male,example,,target,left,0.0,10789.0,54.416,0.483,0.517,0.0,0.0,0.0,0.0,1.0,0.0,0.0,0.0,0.0,0.0,0.0,0.0,1.0,0.0,1.0,310793.0,0.0,0.0
371.0,2.0,male,example,,target,left,0.0,10789.0,61.467,0.276,0.724,0.0,0.0,0.0,0.0,1.0,0.0,0.0,0.0,0.0,0.0,0.0,0.0,1.0,0.0,1.0,311634.0,0.0,0.0
372.0,2.0,male,example,,target,left,0.0,10789.0,43.45,0.379,0.621,0.0,0.0,0.0,0.0,0.379,0.0,0.0,0.0,0.0,0.0,0.0,0.0,0.379,0.0,0.379,312475.0,0.6206896551724138,0.0
